"mlbAM_ID","Year","player_name","FF_pfx_z_diff","FF_pfx_x_FC_pfx_z_diff","FF_pfx_x_diff","FF_pfx_z_FC_pfx_x_diff","FF_release_speed_diff","FF_release_spin_rate_diff","FF_release_pos_x_diff","FF_release_pos_z_diff","CU_pfx_z_diff","CU_pfx_x_FC_pfx_z_diff","CU_pfx_x_diff","CU_pfx_z_FC_pfx_x_diff","CU_release_speed_diff","CU_release_spin_rate_diff","CU_release_pos_x_diff","CU_release_pos_z_diff","SL_pfx_z_diff","SL_pfx_x_FC_pfx_z_diff","SL_pfx_x_diff","SL_pfx_z_FC_pfx_x_diff","SL_release_speed_diff","SL_release_spin_rate_diff","SL_release_pos_x_diff","SL_release_pos_z_diff","CH_pfx_z_diff","CH_pfx_x_FC_pfx_z_diff","CH_pfx_x_diff","CH_pfx_z_FC_pfx_x_diff","CH_release_speed_diff","CH_release_spin_rate_diff","CH_release_pos_x_diff","CH_release_pos_z_diff","SI_pfx_z_diff","SI_pfx_x_FC_pfx_z_diff","SI_pfx_x_diff","SI_pfx_z_FC_pfx_x_diff","SI_release_speed_diff","SI_release_spin_rate_diff","SI_release_pos_x_diff","SI_release_pos_z_diff","pitch_usage","run_value_per_100","Stuff","est_woba"
518516,2020,"Bumgarner, Madison",0.809874024,-0.118712932,0.866979376,1.795566332,4.83118171999999,97.231205,0.0697140470000001,0.0280852839999994,0.800193263,-1.561249164,0.575556856,0.185499045,6.63781414,0.836083000000144,0.0398537990000003,0.007582417,NA,NA,NA,NA,NA,NA,NA,NA,0.0565769229999999,0.352132479,1.337824787,1.042269231,0.460726489999999,807.668403,0.009025641,0.0772649570000005,0.561576923,0.381576923,1.367269231,1.547269231,4.65038462,72.890625,0.0931923080000003,0.0013461539999992,36.6,-2,95,0.405
650644,2020,"Civale, Aaron",0.608314664,-1.062426077,0.747412453,0.923328288,3.84863256,158.180631,0.011032395,0.0275930980000005,2.048927375,0.268341997,0.583355621,-1.733913751,11.72944589,338.348547,0.0970266540000001,0.0198853769999995,0.888713413,-0.113955348,0.201058276,-0.573699789,5.16949767,205.621937,0.0882328379999999,0.0734264310000005,0.007413522,-2.013006743,1.697993119,0.307600102,2.10723686999999,465.993563,0.300794347,0.240672194,0.24695863,-1.859627391,1.544613767,0.561972254,4.34367438000001,229.539353,0.170141441,0.167216754,28.7,0.6,104,0.337
668678,2020,"Gallen, Zac",1.194507006,-0.586020517,0.842638699,0.937888824,6.24598415,32.2831350000001,0.167788741,0.0969680569999997,1.059319192,0.241680808,0.0149373739999999,-1.315937374,5.75727273,85.7350510000001,0.0015828290000001,0.0186848490000004,0.201096969,0.306403031,0.049784849,-0.457715151,0.0710605999999955,74.6739400000001,0.02569394,0.026815151,0.0011514579999999,-1.390924013,1.647542195,-0.255466724,2.13680103,816.087067,0.123802916,0.230952144,1.022236364,-1.432763636,1.689381818,0.765618182,5.86272726999999,154.492727,0.271527273,0.0909818180000003,24.6,-0.7,90,0.37
594835,2020,"Gonzales, Marco",0.556848659,0.048122145,0.916481521,1.425208035,3.354924,0.540046999999959,0.280482614,0.161003556,1.983904872,-1.610081342,0.741721966,-1.115545496,9.56300551000001,140.641728,0.299613051,0.145085478,NA,NA,NA,NA,NA,NA,NA,NA,0.07690682,0.542033578,1.410392954,0.791452556,4.22365998000001,39.2200950000001,0.410625517,0.166613721,NA,NA,NA,NA,NA,NA,NA,NA,24.2,0.4,88,0.318
572971,2020,"Keuchel, Dallas",0.46016835,-0.429377105,0.438569023,1.328114478,3.57323232,14.303132,0.004747475,0.0101346800000001,NA,NA,NA,NA,NA,NA,NA,NA,0.717205388,-1.307840308,0.43989418,0.15074074,8.94545454999999,76.911357,0.091976912,0.146777297,0.121575205,0.544730765,1.412676893,0.746370923,6.21319915999999,523.500013,0.0427054120000001,0.082375496,0.097262735,0.387834039,1.255780167,0.770683393,2.39071033,132.772227,0.12447768,0.0939503639999994,30.9,3.5,88,0.393
579328,2020,"Kikuchi, Yusei",0.756850944,-0.226815723,0.637523899,1.621190566,2.90222013,83.9213840000002,0.303959749,0.161661636,NA,NA,NA,NA,NA,NA,NA,NA,0.877712573,-0.904720447,0.0403808249999999,-0.0133729509999999,8.77908434,90.7400329999996,0.327538751,0.128675284,0.194115723,0.128284277,0.992623899,0.670223899,5.31144654000001,833.798935,0.409893082,0.186394968999999,NA,NA,NA,NA,NA,NA,NA,NA,40,0.6,95,0.288
452657,2020,"Lester, Jon",0.370070281,-0.310154078,0.642104959,1.322329318,2.01533055,122.580009,0.0374308770000002,0.0198988260000003,1.303795634,-1.794171574,0.841912537,-0.351536597,13.97618671,223.125985,0.0061923639999998,0.142602138,NA,NA,NA,NA,NA,NA,NA,NA,0.364316974,0.210021261,1.162280298,0.587942063,4.13106839,434.440468,0.0072253720000001,0.0078871369999999,0.313658886,0.228716114,1.180975151,0.638600151,1.00834337000001,282.628685,0.013578313,0.0574533129999998,30.5,0.7,83,0.332
458681,2020,"Lynn, Lance",0.717399681,-1.138471748,0.725340758,1.130530671,4.57475536,107.68756,0.155020812,0.108140621,0.899947378,-0.218014605,0.195116385,-0.486816388,5.47903454999999,9.97057499999983,0.0859838370000001,0.067511209,NA,NA,NA,NA,NA,NA,NA,NA,0.183413967,-1.285871748,0.872740758,0.596544957,4.41853035,754.907577,0.0741350979999997,0.0432450930000003,0.0132155539999999,-1.694086033,1.280955043,0.426346544,2.55012044,271.526624,0.0771906529999997,0.0328879500000001,22.2,1,88,0.272
527048,2020,"Pérez, Martín",0.376298319,0.015464985,0.831658339,1.192491673,3.38409249,131.078531,0.179432761,0.0845415980000003,1.312204193,-1.333750584,0.51755723,-0.496010839,11.07915097,341.318311,0.067502414,0.173013050000001,NA,NA,NA,NA,NA,NA,NA,NA,0.0930114939999999,0.319168957,1.135362311,0.72318186,5.13990982,476.120221,0.134878587,0.147301865,0.0459904579999999,0.534173476,1.35036683,0.770202896,3.12736698,228.673633,0.13994453,0.0490718629999999,32,0.1,76,0.294
458708,2020,"Tomlin, Josh",0.57221682,-1.618632237,0.936925752,1.253923305,2.63713052999999,288.132527,0.165933415,0.179907914,1.370402048,-0.526935381,0.154771104,-0.688695563,9.24903299,130.147261,0.224006371,0.169428669,NA,NA,NA,NA,NA,NA,NA,NA,0.109715091,-2.039280309,1.357573824,0.571991394,1.62004749,846.323258,0.520707821,0.452098234,0.567531285,-2.002468715,1.32076223,1.24923777,2.18430033999999,286.902968,0.296939705,0.191228669,51,0.9,95,0.303
642232,2020,"Yarbrough, Ryan",NA,NA,NA,NA,NA,NA,NA,NA,0.397311985,-2.154615355,1.246915355,0.510388015,12.06014982,157.822576,0.100026966,0.159870038,NA,NA,NA,NA,NA,NA,NA,NA,0.157273333,0.706286667,1.613986667,0.750426667,4.36866667,171.84012,0.39848,0.416606667,0.306622337,0.503787286,1.411487286,1.214322337,4.36828178,208.263125,0.475672165,0.648288316,36,-1,82,0.341
641302,2021,"Alexander, Tyler",0.684238293,-0.114682869,0.889653266,1.688574428,4.38465358000001,146.057984,0.0322557969999999,0.0465550400000003,0.972857143,-0.952857143,0.051478992,0.0314789919999999,11.3194958,115.591597,0.311882353,0.238588235,0.646639194,-1.134908425,0.13057229,0.357696941,3.96693169999999,12.5045569999997,0.124446456,0.132370286,0.05730897,0.40730897,1.411645105,0.947027165,2.45969513999999,872.136447,0.0869654089999998,0.0941364079999997,0.410350949,0.506564822,1.510900957,1.414687084,4.11981056,222.913336,0.0726916019999999,0.0815362120000005,36.3,0.5,103,0.291
663465,2021,"Allard, Kolby",0.917102976,0.155723308,0.854662405,1.616042073,5.18300854,76.1997350000001,0.048698673,0.0422681980000003,1.242980103,-0.870689354,0.171750257,-0.544041006,10.42807093,300.817501,0.133259652,0.120290022,NA,NA,NA,NA,NA,NA,NA,NA,0.335177953,0.672056565,1.370995662,1.03411705,2.7286235,590.848083,0.0976562909999998,0.079562385,0.870235756,0.607735756,1.306674853,1.569174853,6.15194008,1.57677199999989,0.0381385070000002,0.0192878189999996,24.8,-1,94,0.38
542881,2021,"Anderson, Tyler",0.691100626,-0.072950921,0.930147463,1.69419901,5.35205141,197.973859,0.393525032,0.231337557000001,1.254662261,-1.322787261,0.319688877,-0.251563877,10.93020374,44.655103,0.181251836,0.244024413,0.492995594,-1.093828928,0.090730544,0.51010279,5.22812041,30.2384360000001,0.713331497,0.718683919999999,0.30710841,0.249308098,1.252406482,1.310206794,4.30926964999999,653.508228,0.212698794,0.202034358,0.245944789,0.692270825,1.695369209,0.757153595,3.71196633000001,228.065419,0.521805785,0.668031814,26.2,0.3,100,0.281
605135,2021,"Bassitt, Chris",0.423693013,-1.430054263,0.705589147,1.148158129,4.41036885,51.6038309999999,0.085653443,0.0585602170000001,1.915422229,0.341785564,1.06625068,-1.190957113,17.11559951,106.425581,0.567946542,0.455041982,0.723782154,0.49727907,1.221744186,0.000682962,11.81433792,109.288846,0.07222971,0.154091599,0.144581012,-2.282070724,1.557605608,0.579884104,3.50851277,264.107341,0.0942639489999999,0.0674926789999998,0.0590084819999999,-2.159932695,1.435467579,0.783473598,3.92461286,107.022471,0.151837757,0.0778891929999998,18.1,0.5,98,0.372
545333,2021,"Bauer, Trevor",1.638465557,-0.865873803,1.248334943,1.256004417,8.54826724,87.8297189999998,0.0848645569999999,0.0326407940000006,1.644423316,0.736076684,0.353615544,-2.026884456,5.67439896,141.75466,0.256004404,0.306590933000001,0.235270304,1.390392347,1.007931207,-0.617731444,4.46531462,90.980258,0.112391379,0.115891596999999,0.565200088,-1.418842465,1.801303605,0.182738948,2.79923934,1041.184229,0.0427009149999999,0.179088854,1.210166004,-1.261581568,1.644042708,0.827704864,9.09054279,317.502244,0.0830107149999999,0.111375571999999,21.6,-0.7,104,0.29
621111,2021,"Buehler, Walker",0.807320228,-0.947990264,0.749986388,1.005324104,3.78691881,144.972544,0.184602028,0.172128338999999,1.926079867,0.198198979,0.396202855,-1.728075991,11.42658579,243.660815,0.275481328,0.239670169999999,0.627240471,0.489234183,0.687238059,-0.429236595,6.70203443999999,181.338458,0.07173454,0.0014481299999999,0.247017686,-1.778805765,1.580801889,-0.0490138099999999,0.0915421699999967,1095.068651,0.211752657,0.0830351920000005,0.429654641,-1.802653051,1.604649175,0.627658517,3.75682767000001,275.871447,0.28857583,0.190495428,16.4,1.8,118,0.288
518516,2021,"Bumgarner, Madison",0.606753456,0.0329985149999999,0.948883865,1.522638806,4.43608082999999,93.2065979999998,0.109189262,0.011721574,0.906034108,-1.522484412,0.606599062,0.0098512419999999,8.19053501,56.4228080000003,0.0202307460000001,0.0204890889999997,NA,NA,NA,NA,NA,NA,NA,NA,0.083300644,0.388989859,1.304875209,0.832584706,2.19348468,972.508158,0.124727609,0.0559937379999997,0.30377621,0.494181615,1.410066965,1.21966156,3.81615596,362.405819,0.281696506,0.0825436399999999,34.2,0.1,105,0.317
650644,2021,"Civale, Aaron",0.938937305,-0.79150662,0.74100662,0.989437305,3.70330218000001,167.102375,0.0090737930000001,0.025265966,1.814307796,0.258724462,0.309224462,-1.763807796,10.68059139,328.43079,0.101870296,0.0184583329999998,0.669135279,0.214917584,0.265417584,-0.618635279,4.29524963,230.286468,0.0301171989999999,0.0380218430000001,0.0115037879999999,-1.330897728,1.280397728,0.038996212,2.14075756999999,847.463009,0.162880681,0.169314394000001,0.558258333,-1.571091667,1.520591667,0.608758333,4.10216667,175.995833,0.155945833,0.139641667,25.1,2.9,111,0.286
517008,2021,"Colomé, Alex",0.895276429,-0.808077418,0.397832888,1.305520959,4.266237,47.518333,0.215052133,0.0485067219999999,NA,NA,NA,NA,NA,NA,NA,NA,NA,NA,NA,NA,NA,NA,NA,NA,NA,NA,NA,NA,NA,NA,NA,NA,NA,NA,NA,NA,NA,NA,NA,NA,70.5,-0.4,108,0.277
641482,2021,"Cortes, Nestor",1.011819085,-0.0742980179999999,0.904612597,1.9907297,5.3524692,128.779097,0.311387696,0.136742560999999,NA,NA,NA,NA,NA,NA,NA,NA,0.14818308,-1.748836675,0.76992606,0.830727535,7.93903859999999,98.8718180000001,0.518090335,0.396874064,0.0667937489999999,0.63239544,1.611306055,0.912116866,2.40488827,921.552356,0.151908123,0.202220293,0.699534007,0.433502261,1.412412876,1.678444622,4.91217522000001,132.826594,1.187306021,0.627228873,23.5,1,106,0.341
543135,2021,"Eovaldi, Nathan",0.23004486,-1.98039168,1.056375287,1.154061253,4.34413287,168.067008,0.071662603,0.220529264,1.841994536,-0.143160291,0.780856102,-0.917978143,13.95810564,195.138434,0.12197632,0.101202185,0.800738112,-0.462276573,0.46173982,0.123278281,6.69891251999999,124.50718,0.0371791479999998,0.029611655,0.8298841,-1.885152917,0.961136524,0.094132293,4.60598448,744.605229,0.014765997,0.0069420940000002,NA,NA,NA,NA,NA,NA,NA,NA,12.5,0.6,102,0.316
607200,2021,"Fedde, Erick",0.196244532,-0.831497404,0.551009158,0.476732778,3.759762,201.300123,0.17161407,0.112616228,0.647596123,0.649141466,0.929629712,-0.367107877,9.69102157,230.16413,0.184472638,0.188489926,NA,NA,NA,NA,NA,NA,NA,NA,0.417232756,-1.756498062,1.476009816,-0.13674451,1.77137691,505.84613,0.333461638,0.288763627,0.295580638,-1.375846527,1.095358281,0.576068884,4.41136854999999,169.503514,0.171888073,0.0770005950000003,22.9,-0.8,103,0.327
676596,2021,"Fleming, Josh",0.697159091,0.454659091,0.983704545,1.226204545,4.67613636,11.1159090000001,0.0159772729999998,0.0222272729999994,0.745487013,-1.251461039,0.722415585,-0.216441559,7.70876624,59.0623380000002,0.105775974,0.10036039,NA,NA,NA,NA,NA,NA,NA,NA,0.555072803,0.554955052,1.084000506,-0.026027349,4.51609902,250.493695,0.042811028,0.197822677,0.255590909,0.951442648,1.480488102,0.273454545,4.84299878,64.271823,0.128051099,0.0242676929999996,27,0.2,94,0.335
623167,2021,"Flexen, Chris",0.917290527,-0.78610805,0.584655266,1.118743311,3.69042118,192.342241,0.0230439539999999,0.0085337509999998,1.69571299,0.040403289,0.241856073,-1.494260206,11.85633707,408.535025,0.063171969,0.0128870989999994,NA,NA,NA,NA,NA,NA,NA,NA,0.184426976,-1.633670472,1.432217688,0.38587976,6.3570423,973.647515,0.102916468,0.16952557,NA,NA,NA,NA,NA,NA,NA,NA,29.4,-0.7,95,0.345
607231,2021,"Gant, John",0.842930591,-1.486540954,1.145641211,1.183830334,6.5476613,171.505265,0.0162590129999999,0.0317874679999992,1.657433045,0.045566955,0.386466698,-1.316533302,10.73639635,139.044041,0.336501519,0.199683337000001,0.848069409,-0.291236076,0.0496636669999999,-0.507169666,5.38018423,37.672626,0.118728792,0.0965621250000001,0.0615341949999999,-1.554456796,1.213557053,0.402433938,5.28513919,1129.88377,0.229769333,0.0927197830000006,0.564321776,-1.844438555,1.503538812,0.905221519,6.16754304,232.776085,0.05336074,0.0807849819999999,19.7,0.8,82,0.344
502043,2021,"Gibson, Kyle",0.687231372,-1.140828737,0.608001634,1.220058475,3.32756116,75.2509960000002,0.264834916,0.153320311,1.366071812,-0.0759185559999999,0.456908547,-0.833244709,10.09179378,68.0679539999996,0.0609121100000003,0.0380128549999998,0.749224522,-0.203921491,0.328905612,-0.216397419,6.01753144999999,146.116792,0.0132612170000001,0.0473396849999998,0.329332409,-1.882431367,1.349604264,0.203494694,4.71210329,725.741433,0.050186429,0.0810798769999996,0.0364932289999999,-1.918636086,1.385808983,0.496333874,2.78676045,230.944276,0.135123307,0.0174587070000002,14.9,1.6,99,0.291
594835,2021,"Gonzales, Marco",0.329717363,-0.242722706,0.64450621,1.216946279,2.85719487999999,23.7250679999997,0.22650066,0.154073898,2.204116915,-1.643474456,0.75624554,-1.316887999,10.36490038,162.887275,0.268607054,0.141617251,NA,NA,NA,NA,NA,NA,NA,NA,0.283703914,0.252755313,1.139984229,0.603525002,6.20143622,64.8654039999997,0.410797094,0.186028620999999,NA,NA,NA,NA,NA,NA,NA,NA,14.3,0.1,81,0.366
518876,2021,"Kelly, Merrill",0.238699558,-1.67081012,0.458157058,1.45135262,0.912962289999996,37.9830190000002,0.056385216,0.0057609709999999,1.888728517,-0.309527604,0.903125458,-0.676075455,9.54531198000001,242.90377,0.124521613,0.214474154,NA,NA,NA,NA,NA,NA,NA,NA,0.588552361,-2.344215868,1.131562806,0.624100701,3.59889461,351.278467,0.103567145,0.126050254000001,0.33684779,-2.344140855,1.131487793,0.875805272,0.800815939999993,79.0107899999998,0.1401641,0.0508100000000002,14.1,1.1,87,0.285
572971,2021,"Keuchel, Dallas",0.554485355,-0.226549127,0.574264126,1.355298608,3.90213959,2.85567200000014,0.057813668,0.116316992,NA,NA,NA,NA,NA,NA,NA,NA,0.614318524,-1.221245607,0.420432354,0.186494729,7.32221386,161.014659,0.151667294,0.123126255,0.224842032,0.568867853,1.369681106,0.575971221,5.58627837,582.726904,0.0384200089999999,0.0503445109999995,0.221095811,0.563492766,1.364306019,0.579717442,2.61082704,228.124035,0.161659076,0.0916337379999996,24.4,-1.4,91,0.373
579328,2021,"Kikuchi, Yusei",0.564547555,0.0541208589999999,0.845071642,1.355498338,3.80024035999999,88.2852980000002,0.00711429,0.0048822689999994,NA,NA,NA,NA,NA,NA,NA,NA,1.036647808,-1.011420536,0.220469753,-0.245697025,8.85517268000001,102.332931,0.425639572,0.221454693,0.345890489,0.0941466859999999,0.885097469,0.445060294,5.07552124,849.362121,0.479212262,0.233019718,NA,NA,NA,NA,NA,NA,NA,NA,34.9,0.5,96,0.427
446372,2021,"Kluber, Corey",0.646789317,-1.067964781,0.758266979,0.956487119,2.25068457,191.386985,0.0300355789999999,0.0631845609999999,0.602122375,0.786325462,1.096023264,-0.292424573,5.70106115,51.8890689999998,0.048947026,0.0708257840000001,NA,NA,NA,NA,NA,NA,NA,NA,0.217446249,-1.758152771,1.448454969,0.0922515529999999,2.95624701,816.090745,0.0647390109999999,0.0021165789999999,0.092028388,-1.917197802,1.6075,0.40172619,3.10592948999999,341.176981,0.0454235349999998,0.0221497250000002,27.2,1.4,111,0.327
641778,2021,"Lauer, Eric",0.402412685,-0.161888014,0.520969129,1.085269828,2.24695207000001,88.1267630000002,0.291954712,0.0548220410000004,1.560469878,-1.452829033,0.76997189,-0.877612735,11.45204166,104.248572,0.197278672,0.0464914979999999,0.49307969,-1.14646952,0.463612377,0.189777453,2.95370672999999,103.506034,0.353226392,0.0384697099999993,0.353044603,0.15722689,0.840084033,0.32981254,3.69857789,863.040075,0.0820232709999999,0.147942253,NA,NA,NA,NA,NA,NA,NA,NA,18.3,0.7,81,0.337
452657,2021,"Lester, Jon",0.348730961,-0.465301516,0.564468976,1.378501453,2.23046873,132.782316,0.0437186490000001,0.0198331149999999,1.361340266,-1.735917381,0.706146889,-0.331569774,13.80732404,132.688443,0.0726797970000001,0.177729141,NA,NA,NA,NA,NA,NA,NA,NA,0.319697784,0.025880919,1.055651411,0.710072708,5.09937766,567.39109,0.103734593,0.0364152249999998,0.351588022,0.140346651,1.170117143,0.67818247,1.14562979,262.813782,0.133009556,0.0198411729999996,25.6,-1,97,0.34
476595,2021,"Luetge, Lucas",0.282116883,-0.517883117,0.500805195,1.300805195,1.96025974,2.43211500000007,0.293818182,0.0003766230000001,1.901851371,-1.648253487,0.629565175,-0.883163059,13.83656566,103.987671,0.112107744,0.0577715249999997,0.767740768,-1.38329237,0.364604058,0.250947544,7.01447336,235.082115,0.247376901,0.188597264,NA,NA,NA,NA,NA,NA,NA,NA,NA,NA,NA,NA,NA,NA,NA,NA,62,0.2,98,0.313
458681,2021,"Lynn, Lance",0.841253958,-0.905958221,0.728319511,1.018892668,5.31606617,131.124025,0.109154268,0.0885097569999997,0.774624279,0.141954669,0.319593379,-0.596985569,6.54751613,65.4659929999998,0.0172390499999997,0.0146589129999998,NA,NA,NA,NA,NA,NA,NA,NA,0.143020912,-1.531720467,1.354081757,0.320659622,1.51906785,762.284505,0.067606563,0.0322240269999998,0.119327702,-1.475208381,1.297569671,0.296966412,3.70810243,309.955723,0.0816682409999995,0.019886531,29.7,1.3,106,0.249
593372,2021,"Martinez, Carlos",0.250580357,-1.496976461,0.617745692,1.129811126,2.82333187,119.709244,0.174873876,0.0354914879999999,0.840714286,0.081428571,0.96065934,0.0385164829999999,12.31575092,221.504727,0.0206043959999999,0.423003662999999,0.651795499,0.180327789,1.059558558,0.22743527,8.08923428,111.228585,0.0037110489999996,0.106134779,0.911527663,-1.986325351,1.107094582,-0.032296894,5.74209277999999,313.203232,0.067475704,0.0321613839999992,0.519071832,-2.100201776,1.220971007,0.360158937,0.71338548,225.688168,0.0285602530000002,0.11961942,21.3,-0.3,93,0.416
593372,2021,"Martinez, Carlos",0.250580357,-1.496976461,0.617745692,1.129811126,2.82333187,119.709244,0.174873876,0.0354914879999999,0.840714286,0.081428571,0.96065934,0.0385164829999999,12.31575092,221.504727,0.0206043959999999,0.423003662999999,0.651795499,0.180327789,1.059558558,0.22743527,8.08923428,111.228585,0.0037110489999996,0.106134779,0.911527663,-1.986325351,1.107094582,-0.032296894,5.74209277999999,313.203232,0.067475704,0.0321613839999992,0.519071832,-2.100201776,1.220971007,0.360158937,0.71338548,225.688168,0.0285602530000002,0.11961942,21.3,-0.3,93,0.416
593372,2021,"Martinez, Carlos",0.250580357,-1.496976461,0.617745692,1.129811126,2.82333187,119.709244,0.174873876,0.0354914879999999,0.840714286,0.081428571,0.96065934,0.0385164829999999,12.31575092,221.504727,0.0206043959999999,0.423003662999999,0.651795499,0.180327789,1.059558558,0.22743527,8.08923428,111.228585,0.0037110489999996,0.106134779,0.911527663,-1.986325351,1.107094582,-0.032296894,5.74209277999999,313.203232,0.067475704,0.0321613839999992,0.519071832,-2.100201776,1.220971007,0.360158937,0.71338548,225.688168,0.0285602530000002,0.11961942,21.3,-0.3,93,0.416
594577,2021,"Mayers, Mike",0.390273093,-1.933658531,0.844220028,1.479711596,3.3492767,24.0314790000002,0.225345537,0.0529938520000001,0.784385027,-0.604385027,0.485053476,0.305053476,14.47700535,157.710456,0.65657754,0.302754010999999,0.918195769,-0.737505232,0.351933271,0.171242734,6.08442223,183.586425,0.082194839,0.0378179499999999,0.209385027,-2.394385027,1.304946524,0.880053476,3.52700535,812.710456,0.10342246,0.132245989,NA,NA,NA,NA,NA,NA,NA,NA,30.3,-1.1,91,0.358
453343,2021,"Melancon, Mark",0.180075757,-1.617590909,0.819712121,0.977954545,0.252121220000006,6.38664599999993,0.0628333329999999,0.0061666670000004,2.086725896,-0.544494491,0.253384297,-1.288847108,9.72027549000001,343.895999,0.143827824,0.0147424239999995,NA,NA,NA,NA,NA,NA,NA,NA,NA,NA,NA,NA,NA,NA,NA,NA,NA,NA,NA,NA,NA,NA,NA,NA,62.7,1,95,0.355
489119,2021,"Miley, Wade",0.811382104,-0.343641593,0.563541506,1.718565203,4.47610032,37.2876629999996,0.157666201,0.0253392919999999,1.303550492,-1.459439381,0.552256282,-0.396367393,10.67962901,114.538298,0.161859339,0.122625426,0.246255302,-1.549538884,0.642355785,0.660927797,6.19263067,33.3923610000002,0.469159505,0.420602209,0.0085530069999999,0.653568634,1.560751733,0.898630092,3.48288062,469.903988,0.370511233,0.269903439,0.4480875,0.5680875,1.475270599,1.355270599,3.29646418,251.406146,0.237830665,0.181478472,46.6,0.3,109,0.329
656756,2021,"Montgomery, Jordan",0.663245246,-0.104764346,0.648165231,1.416174823,5.28914379000001,77.1137050000002,0.0745918199999999,0.0531653320000007,1.054157292,-0.803334924,0.050405347,-0.301227715,7.32603039,114.775648,0.106953299,0.0002993880000001,NA,NA,NA,NA,NA,NA,NA,NA,0.501578005,0.0873288039999999,0.840258381,1.254507582,4.81915717999999,656.54053,0.181035189,0.0730540879999992,0.302951354,0.570061283,1.32299086,1.055880931,5.12133803,189.07688,0.13059085,0.0839329740000005,13.8,-1.6,93,0.327
450203,2021,"Morton, Charlie",0.727457182,-1.39883119,1.288399817,0.837888555,8.03898221999999,84.0224450000001,0.11937419,0.0812700409999997,1.154021039,1.064655968,1.175087341,-1.043589666,6.84018999,628.428633,0.0109417489999996,0.0219556680000003,NA,NA,NA,NA,NA,NA,NA,NA,0.0650647429999999,-1.817517573,1.7070862,0.04536663,1.0527118,324.156049,0.0450055490000003,0.0246733260000002,0.171107697,-1.761802751,1.651371378,0.28153907,7.16224172999999,308.449722,0.144313725,0.0682812400000001,8.5,-1,103,0.363
450203,2021,"Morton, Charlie",0.727457182,-1.39883119,1.288399817,0.837888555,8.03898221999999,84.0224450000001,0.11937419,0.0812700409999997,1.154021039,1.064655968,1.175087341,-1.043589666,6.84018999,628.428633,0.0109417489999996,0.0219556680000003,NA,NA,NA,NA,NA,NA,NA,NA,0.0650647429999999,-1.817517573,1.7070862,0.04536663,1.0527118,324.156049,0.0450055490000003,0.0246733260000002,0.171107697,-1.761802751,1.651371378,0.28153907,7.16224172999999,308.449722,0.144313725,0.0682812400000001,8.5,-1,103,0.363
605397,2021,"Musgrove, Joe",0.371480424,-1.106844534,0.560339861,0.917985097,2.76644907000001,32.5410879999999,0.0365089939999998,0.0546239919999997,1.832124468,0.226142008,0.772646681,-1.285619795,8.50017272,175.135608,0.192543288,0.111322551000001,0.822335716,0.477872618,1.024377291,-0.275831043,6.49812625999999,150.499668,0.029642844,0.026821376,0.317255627,-1.456340134,0.909835461,0.229249046,3.50484401999999,563.747432,0.137091484,0.089197446,0.146218069,-1.566551402,1.020046729,0.400286604,2.61044237,161.548371,0.031647352,0.0131227420000001,18.2,0.1,99,0.393
641941,2021,"Pagán, Emilio",1.262507332,-0.752135525,0.720517167,1.29412569,8.47909334000001,184.551588,0.0737741549999999,0.0775923049999995,NA,NA,NA,NA,NA,NA,NA,NA,NA,NA,NA,NA,NA,NA,NA,NA,0.747596618,-1.636570049,1.604951691,0.779214976,0.449033810000003,379.305555,0.056642512,0.104371981,NA,NA,NA,NA,NA,NA,NA,NA,37.7,-0.7,94,0.258
527048,2021,"Pérez, Martín",0.387632062,0.000636177,0.873703092,1.260698977,3.82431043,119.049389,0.14586917,0.0986692830000004,1.35423709,-1.338377217,0.465310302,-0.481170175,10.833211,232.629549,0.066593659,0.181247721,NA,NA,NA,NA,NA,NA,NA,NA,0.124092509,0.310155278,1.183222193,0.748974406,4.7420831,530.299907,0.098648222,0.153339063,0.0458680689999999,0.480493633,1.353560548,0.827198846,3.19133432999999,209.045979,0.161942894,0.0655573839999998,28.9,-2,92,0.42
592644,2021,"Plutko, Adam",0.727740645,-1.212002438,0.603140162,1.336602921,3.82830229,132.985066,0.22546851,0.140121534999999,1.695097411,0.098987096,0.707849372,-1.086235135,10.78101965,511.409969,0.108417812,0.0053344019999999,0.473248649,-0.442957387,0.165904889,0.135613627,4.68173071,112.398756,0.074645078,0.0530986570000004,NA,NA,NA,NA,NA,NA,NA,NA,NA,NA,NA,NA,NA,NA,NA,NA,32.9,-3.1,100,0.399
593958,2021,"Rodriguez, Eduardo",0.508055055,-0.110023989,0.764457339,1.382536383,4.22951320999999,4.92806100000007,0.0664938899999998,0.0719106969999998,NA,NA,NA,NA,NA,NA,NA,NA,1.045379103,-0.969697284,0.0952159559999999,-0.170897775,6.236192,42.0528100000001,0.148626744,0.180758959,0.17841738,0.677180706,1.551662034,0.696063948,2.95450939,297.896696,0.048911433,0.107953536,0.117566472,0.526612524,1.401093852,0.9920478,4.2275879,56.456651,0.234527462,0.138319366,17.7,-1.2,93,0.303
593958,2021,"Rodriguez, Eduardo",0.508055055,-0.110023989,0.764457339,1.382536383,4.22951320999999,4.92806100000007,0.0664938899999998,0.0719106969999998,NA,NA,NA,NA,NA,NA,NA,NA,1.045379103,-0.969697284,0.0952159559999999,-0.170897775,6.236192,42.0528100000001,0.148626744,0.180758959,0.17841738,0.677180706,1.551662034,0.696063948,2.95450939,297.896696,0.048911433,0.107953536,0.117566472,0.526612524,1.401093852,0.9920478,4.2275879,56.456651,0.234527462,0.138319366,17.7,-1.2,93,0.303
453286,2021,"Scherzer, Max",0.594064604,-1.626178558,0.810027614,1.410215548,4.13961232,32.808141,0.116320554,0.155710357,1.403737757,0.378536611,1.194687555,-0.587586813,13.29533001,191.971274,0.104198079,0.20408024,0.360803245,-0.499142728,0.317008216,0.455347699,4.30185685000001,195.796401,0.0041934830000003,0.0464948830000002,0.412778291,-2.005129835,1.188978891,0.403372653,5.17882041,1022.56161,0.0446728810000003,0.0325960650000007,NA,NA,NA,NA,NA,NA,NA,NA,9.4,0.1,102,0.324
543766,2021,"Shaw, Bryan",0.238075672,-1.376469783,1.237147749,0.377397706,1.84607944,236.412865,0.080367925,0.071551458,1.720933652,0.029194553,0.168516587,-1.581611618,10.38177604,232.516595,0.162452588,0.0551618289999993,0.516386295,0.701844998,0.841167032,-0.377064261,8.72392674,262.23092,0.177170646,0.165874278,0.0344791869999999,-1.285858498,1.146536464,0.104842847,9.74044093,784.314119,0.143425178,0.0313952509999992,NA,NA,NA,NA,NA,NA,NA,NA,77.7,1,112,0.338
489334,2021,"Stammen, Craig",0.365285467,-1.319714533,0.522378893,1.162621107,2.65579584999999,17.3754330000002,0.134083045,0.0267906570000002,1.753898471,-0.159882927,0.637452713,-0.956562831,8.71687254000001,56.4302659999998,0.002399107,0.0138181509999997,NA,NA,NA,NA,NA,NA,NA,NA,0.187785467,-1.997214533,1.199878893,0.985121107,2.78587082,341.708766,0.154083045,0.0907093429999994,0.198555932,-1.947848562,1.150512922,0.995891572,3.19516182,91.5736670000001,0.0278230129999998,0.0544894390000001,22.1,0.5,94,0.275
573186,2021,"Stroman, Marcus",0.65727554,-0.804530015,0.520217219,0.941588336,2.67754739,147.557416,0.110504213,0.0286104530000006,0.614696682,0.927303318,1.211616114,-0.330383886,15.05995261,71.2574159999999,0.332218009,0.186971564,0.68947446,-0.106141126,0.17817167,-0.405161664,2.66328594000001,58.2834929999999,0.167004213,0.0146382310000001,0.312971058,-1.455420038,1.171107242,-0.0286582619999999,3.8387508,951.413425,0.0340479409999998,0.0273390939999993,0.096587307,-1.261292168,0.976979372,0.187725489,2.03119321999999,301.48884,0.0752177550000001,0.0153639250000008,15.4,1,108,0.326
605507,2021,"Thompson, Zach",0.805149441,-0.658751487,0.520541463,0.943359465,5.09419744,136.008356,0.122611554,0.0830645719999996,1.266619249,-0.137361824,0.0008481999999999,-1.128409225,9.86177840000001,278.026028,0.0236059450000001,0.0073344129999997,NA,NA,NA,NA,NA,NA,NA,NA,0.024896998,-1.584107525,1.445897501,0.113313026,1.67395271000001,804.868264,0.0053360129999999,0.0588471919999999,0.137557352,-1.406932444,1.26872242,0.275767376,5.03723149999999,335.881959,0.0545465389999999,0.0435346549999993,35.1,2.8,108,0.269
595014,2021,"Treinen, Blake",0.39777439,-1.64722561,0.982317073,1.062682927,4.42256097000001,61.29792,0.0149390250000003,0.127073171,NA,NA,NA,NA,NA,NA,NA,NA,0.746068344,0.41398374,1.078892277,-0.081159807,6.87639101000001,64.8223420000004,0.0360423020000002,0.0246620939999999,0.363932927,-1.893932927,1.22902439,0.30097561,3.30060976,1112.858896,0.080182927,0.167317073,0.204499594,-2.198232927,1.53332439,0.460408943,4.08705691,248.761253,0.101217073,0.0628170730000006,30,3,108,0.288
608379,2021,"Wacha, Michael",0.740430599,-1.382644154,0.753601384,1.369473369,4.65325535000001,24.5762570000002,0.227718797,0.147566982,1.553667631,0.129880756,0.758923526,-0.924624861,12.86765324,124.645918,0.0176126730000001,0.115771631,NA,NA,NA,NA,NA,NA,NA,NA,0.011673749,-1.962208231,1.333165461,0.617369021,2.1882706,512.420144,0.207539258,0.130442377,0.445313936,-1.885543207,1.256500437,1.074356706,4.94451266,6.05306100000007,0.094891475,0.0755458249999998,24.9,-2.4,99,0.392
425794,2021,"Wainwright, Adam",0.676934893,-0.700746768,0.689619172,0.688062489,4.08386537,180.60373,0.0169820209999997,0.031356874,1.768594178,0.841318782,0.852446378,-1.757466582,11.46434061,430.933625,0.0095517109999998,0.063854955,NA,NA,NA,NA,NA,NA,NA,NA,0.103114365,-1.694130533,1.683002937,0.114241961,2.19953975,693.479488,0.148840308,0.0830677350000002,0.482582498,-1.602243489,1.591115893,0.493710094,4.11544438,178.871661,0.022343078,0.0899902930000005,22,0.6,106,0.341
642232,2021,"Yarbrough, Ryan",0.0205435869999999,0.206793587,0.917214429,0.730964429,2.47317134000001,117.013164,0.0371292589999998,0.10618988,0.093495945,-1.822449175,1.112028333,0.616924897,10.81265828,153.270318,0.0604867200000001,0.0972004589999997,NA,NA,NA,NA,NA,NA,NA,NA,0.0030489669999999,0.915861019,1.626281861,0.713469809,3.42616509999999,89.806869,0.413911899,0.409566852999999,0.423132873,0.648817397,1.359238239,1.133553715,4.53775467,275.755328,0.569688783,0.710237499,40.1,-1.1,82,0.359
641302,2022,"Alexander, Tyler",0.720410742,-0.134211107,0.951039489,1.805661338,4.5717956,73.9279729999998,0.0453741399999998,0.072644619,NA,NA,NA,NA,NA,NA,NA,NA,0.735399291,-1.872247776,0.78699718,0.349851305,7.73750922000001,11.2905900000001,0.11248644,0.127709554,0.076102321,0.374188588,1.459439184,1.009148275,2.68296376000001,818.120893,0.0440864399999998,0.038776221,0.297556272,0.44953507,1.534785666,1.382806868,4.61355406999999,221.993556,0.0538484699999999,0.0171709519999998,27.7,0.1,101,0.338
542881,2022,"Anderson, Tyler",0.69087153,-0.189005896,0.834838901,1.714716327,5.0664894,190.206009,0.501660046,0.284774858,1.503563161,-0.976063161,0.047781636,-0.479718364,12.45295966,279.810516,0.524490741,0.416139771,NA,NA,NA,NA,NA,NA,NA,NA,0.061841919,0.298207161,1.322051958,0.962002878,6.62491902000001,572.94909,0.365231539,0.344788544,0.251484951,0.618460405,1.642305202,0.772359846,3.33954376,193.812907,0.778548876,0.890041923,22,0.9,103,0.264
542888,2022,"Armstrong, Shawn",0.64642627,-1.120692936,0.828492936,0.93862627,3.06044813000001,158.436975,0.0624576160000001,0.053792273,NA,NA,NA,NA,NA,NA,NA,NA,0.856372463,0.157685508,0.449885508,-0.564172463,6.1505942,56.9876810000001,0.067957971,0.0755550730000003,NA,NA,NA,NA,NA,NA,NA,NA,0.266687422,-1.9763584,1.6841584,0.558887422,3.30421654,309.751527,0.0885797840000002,0.112485085,28.8,-0.4,107,0.331
668933,2022,"Ashcraft, Graham",NA,NA,NA,NA,NA,NA,NA,NA,NA,NA,NA,NA,NA,NA,NA,NA,1.041263192,0.1364542,0.889051288,-0.288666104,11.53295695,333.242551,0.171737442,0.166410089,0.309813916,-1.922313916,1.169716828,0.442783172,7.44708738,596.93,0.412483818,0.36038835,0.259117569,-1.610432638,0.85783555,0.493479519,0.0731147799999973,191.834079,0.334445006,0.302552734,51.1,0.3,113,0.323
605135,2022,"Bassitt, Chris",0.422885969,-1.1734201,0.675142872,0.921163197,4.27232633999999,71.8770680000002,0.052648867,0.0569959509999993,1.85654211,0.529393052,1.02767028,-1.358264882,17.38967631,67.393016,0.377508852,0.301669786000001,0.646653896,0.368672191,0.866949419,-0.148376668,10.12109342,68.4369219999999,0.172096211,0.150404864,0.150757001,-2.06772843,1.569451202,0.347520227,3.54698162,439.362753,0.121226025,0.0381470999999997,0.0670541789999999,-2.054757415,1.556480187,0.565331407,3.82178442999999,145.286968,0.0162940579999999,0.0064721519999997,17.5,0.6,103,0.291
669456,2022,"Bieber, Shane",0.733254301,-1.447048729,0.870323454,1.309979576,4.36079586999999,291.218571,0.151555334,0.0418139640000001,1.642651174,0.0925628340000001,0.669288109,-1.065925899,4.8833369,300.411374,0.1320313,0.0448242609999995,0.540076962,-0.502161768,0.074563507,0.0366483129999999,1.88877154000001,17.8982580000002,0.0724315879999999,0.0100069889999998,0.201351156,-1.811052649,1.234327374,0.375374119,0.543677220000006,939.913204,0.0188069539999999,0.0375036910000003,NA,NA,NA,NA,NA,NA,NA,NA,15.8,1.2,104,0.311
621112,2022,"Blackburn, Paul",0.942873568,-0.877176183,0.968513392,0.851536359,4.38968964,352.156181,0.022350891,0.0154285259999999,1.791369951,0.277823032,0.186485823,-1.88270716,8.32285291,119.268907,0.004806507,0.0070766020000005,1.266607531,0.762364432,0.671027223,-1.35794474,8.09542218999999,94.9740059999999,0.0341651269999998,0.0782843410000007,0.191988085,-1.508819089,1.600156298,0.100650876,1.13183726,673.699813,0.0275984200000001,0.0429104959999993,0.413251661,-1.482130399,1.573467608,0.321914452,4.57495847,482.465682,0.0194892020000001,0.042296512,19.5,-2,106,0.332
621111,2022,"Buehler, Walker",0.662930436,-1.238679733,0.860841895,1.040768274,3.66424426,142.249777,0.080956962,0.0892411060000002,1.889332661,0.206519612,0.58435745,-1.511494823,12.34973237,252.209744,0.15833209,0.16713145,0.581040902,0.405950968,0.783788806,-0.203203064,7.94944597,259.220045,0.082024987,0.137020435,0.339618138,-1.89083765,1.512999812,0.0382197,1.03074678,859.344995,0.282431491,0.145313118,0.260273983,-1.832802941,1.454965103,0.638111821,3.45874665,235.317791,0.314757945,0.18022869,24.8,2.3,114,0.29
518516,2022,"Bumgarner, Madison",0.615224526,-0.0267455199999999,0.888538456,1.530508502,3.75721342999999,85.746075,0.0979429760000001,0.0246186939999999,0.875737875,-1.442319407,0.527035431,0.039546101,8.84142853,9.64174400000002,0.0030645339999999,0.0621735140000003,0.677973631,-1.159973631,0.244689655,0.237310345,4.13356998,89.6274109999999,0.0935720079999997,0.0439574040000003,0.006071351,0.410899333,1.326183309,0.909212625,1.93910744,814.155098,0.0722886200000001,0.017234277,0.336026369,0.391776369,1.307060345,1.251310345,3.36143002,227.927411,0.104822008,4.25960000001169e-05,36.3,-0.6,100,0.374
445926,2022,"Chavez, Jesse",0.0138976049999999,-2.053245252,0.833346408,1.233796449,1.35524359999999,181.302254,0.174064822,0.107566061,1.441459538,0.189040462,1.408939306,-0.221560694,12.26118497,287.869175,0.010921965,0.147780346999999,NA,NA,NA,NA,NA,NA,NA,NA,0.918828819,-2.372031433,1.152132589,0.301070025,3.58611961000001,396.528211,0.0323468019999999,0.100796687,0.456516541,-2.428470939,1.208572095,0.763382303,2.14049254999999,249.91975,0.116433366,0.0765702489999995,58.6,0.5,114,0.276
650644,2022,"Civale, Aaron",1.076157764,-0.525798758,0.726789234,0.875167288,4.36228156999999,256.722389,0.0704563139999999,0.0603233960000002,1.81678384,0.627641588,0.426651112,-2.017774316,10.49138945,359.779276,0.170799488,0.0069344969999995,0.489065202,0.817088644,0.616098168,-0.690055678,5.9981978,199.549071,0.120796337,0.162480586,0.290780952,-1.33503723,1.536027706,0.089790476,0.858337660000004,781.213166,0.384635497,0.259291775,0.614564903,-1.35685485,1.557845326,0.413574427,4.86374427,297.227757,0.042615344,0.15124127,35,-0.6,101,0.329
605182,2022,"Clevinger, Mike",0.999736102,-1.143550017,1.077982641,1.065303478,6.99208707999999,170.966076,0.0507607539999999,0.0775551999999999,1.324081288,0.122380251,0.187947627,-1.258513912,9.85806328000001,240.93426,0.445600109,0.287489907,0.548767976,0.882642603,0.948209979,-0.4832006,6.74886739,24.4614839999999,0.0997214029999999,0.0138999060000006,0.425158531,-1.618584784,1.553017408,0.490725907,0.300695940000011,917.522907,0.197640421,0.0153599200000007,0.834660165,-1.590166224,1.524598848,0.900227541,6.5388224,229.740617,0.012161643,0.162061908999999,14.6,-0.4,100,0.343
641482,2022,"Cortes, Nestor",0.936389645,-0.372110355,0.732842026,2.041342026,4.94390401,100.035903,0.473462207,0.218646825,1.044353741,-1.464353741,0.35940136,0.0605986399999999,14.80040816,66.6598639999997,0.741931973,0.672857143,0.401552621,-1.982838024,0.877885643,0.70339976,9.74002845,150.492419,0.567920146,0.416411454,0.226258503,0.348741497,1.453693878,0.878693878,3.9672071,1041.128496,0.132222978,0.215251323,0.581811672,0.186416935,1.291369316,1.686764053,3.85184748,108.712317,1.383022198,0.695056391,29.8,1.2,106,0.29
676710,2022,"Crawford, Kutter",0.949470079,-1.483495853,1.194658081,1.238307851,5.83918006,2.84153300000025,0.13839626,0.0752965979999995,1.821007772,0.114197707,0.403035479,-1.53217,8.98837551,152.258074,0.178903668,0.0993117520000002,0.683378396,-0.220183952,0.06865382,-0.394540624,3.57450564999999,5.47632500000009,0.0752811410000002,0.0132196669999995,0.228171783,-1.559140045,1.270302273,0.517009555,2.07087661,1100.887475,0.0059733389999996,0.0269741469999997,NA,NA,NA,NA,NA,NA,NA,NA,31.9,-1.3,106,0.355
456501,2022,"Cueto, Johnny",0.42714,-1.839689788,0.739028808,1.52780098,4.4898208,10.3431439999999,0.210799755,0.0584160049999997,0.882200426,-0.534200426,0.566460554,0.218460554,16.95755508,82.5277780000001,0.039218194,0.292855721,0.369738888,-0.597405554,0.503255426,0.730922092,3.36704225999999,57.5517099999997,0.0388335790000002,0.0450864909999992,0.482502313,-1.838770657,0.738109677,0.618158667,4.31587793,852.875786,0.047499117,0.0007005849999996,0.0598447089999999,-2.227957232,1.127296252,1.040816271,4.54390892000001,67.13202,0.191601739,0.0995514259999996,19.8,-1.1,72,0.344
666808,2022,"Doval, Camilo",NA,NA,NA,NA,NA,NA,NA,NA,NA,NA,NA,NA,NA,NA,NA,NA,1.024505155,-0.535323151,0.949926116,0.460744112,11.69913343,48.786087,0.0328890129999999,0.0757167949999999,NA,NA,NA,NA,NA,NA,NA,NA,0.86414296,-2.00922887,0.523979603,0.621106307,1.06407976999999,59.3466039999998,0.052861606,0.0194502720000002,30.4,-1.9,96,0.39
641540,2022,"Dunning, Dane",0.043275748,-1.259275748,0.559641196,0.656358804,0.848704319999996,124.207309,0.076046512,0.0328305649999993,1.747275748,0.0627242519999999,0.762358804,-1.047641196,7.01129568,57.1926910000002,0.0739534879999999,0.129169435,1.122360255,-0.149360255,0.550274297,-0.422725703,8.38369005,76.9115339999998,0.0063196850000002,0.0177469000000005,0.422887398,-2.212712641,1.513078089,0.276747154,3.06411120999999,298.065561,0.0670368029999997,0.0558596909999993,0.314714172,-2.075600871,1.375966319,0.38492038,2.37284225,154.09992,0.0133568569999997,0.0218157869999995,11.8,-1.3,86,0.322
607200,2022,"Fedde, Erick",NA,NA,NA,NA,NA,NA,NA,NA,0.794995798,0.602236999,1.06952095,-0.327711847,10.78217716,259.904,0.099237116,0.0692469449999997,NA,NA,NA,NA,NA,NA,NA,NA,0.437746914,-1.808858025,1.341574074,0.029537037,3.21188271,627.234568,0.175987654,0.174151235,0.190039654,-1.34782432,0.880540369,0.657323605,3.37765561,248.882447,0.245583042,0.114749068,27.6,0,88,0.331
623167,2022,"Flexen, Chris",0.968959284,-0.804524128,0.738813941,1.034669471,4.28088468,222.295057,0.053301013,0.019710914,1.848600581,0.102978366,0.168688553,-1.782890394,12.64780701,303.179749,0.024334931,0.0084225619999998,0.746279045,0.0991807249999999,0.164890912,-0.680568858,6.54109195000001,183.751437,0.216673841,0.063156385,0.103519043,-1.659283317,1.59357313,0.16922923,6.35582596,1048.744952,0.0471462179999999,0.223480869,0.986881875,-1.359784792,1.294074605,1.052592062,5.19166666999999,185.329023,0.221659493,0.0635102820000002,32.5,0,99,0.307
668678,2022,"Gallen, Zac",0.891809182,-0.8557312,0.733320699,1.014219683,4.21132705000001,7.37878900000032,0.0949677229999998,0.0418854589999995,1.585950082,-0.0084176139999999,0.113992887,-1.463539581,8.3816109,86.1359399999997,0.0352728749999999,0.0094638979999999,0.499733798,0.054881586,0.177292087,-0.377323297,3.14790710999999,84.4112989999999,0.0285395629999998,0.131480631,0.231452813,-1.564802446,1.442391945,-0.109042312,3.66209744,887.964455,0.0907616799999999,0.157970193,0.626420048,-1.773579952,1.651169451,0.748830549,4.80978520000001,212.550239,0.105847255,0.268019093,14.9,0.6,104,0.285
502043,2022,"Gibson, Kyle",0.538008863,-1.311043124,0.589805836,1.259246151,2.65946820000001,80.5335659999996,0.213939563,0.150155652,1.513995026,-0.184266765,0.536970523,-0.792757738,10.29040715,107.768405,0.0979340450000001,0.0782006260000001,0.850099215,-0.367276915,0.353960373,-0.128861927,6.08261854999999,149.422454,0.004234985,0.0489249989999995,0.490186441,-2.020898305,1.299661017,0.231050847,4.71932203,737.110169,0.0394915259999999,0.0278813559999999,0.198228714,-1.997838597,1.276601309,0.523008574,2.27975667,226.456386,0.171783342,0.0579923520000003,21.5,-0.1,93,0.332
594835,2022,"Gonzales, Marco",0.273990349,0.066582942,0.82805464,1.035462047,2.31854571000001,46.5724010000001,0.165777419,0.150128412,2.034354093,-1.477741627,0.716269929,-1.272882395,9.50632306,85.4305399999998,0.115570026,0.145679347,NA,NA,NA,NA,NA,NA,NA,NA,0.369715484,0.499274901,1.260746599,0.391756214,6.72808373,82.6908629999998,0.276024901,0.201593069,NA,NA,NA,NA,NA,NA,NA,NA,19.5,-1.4,83,0.374
425844,2022,"Greinke, Zack",0.817119878,-0.680937593,0.721830965,0.776226506,3.33073503999999,85.9083380000002,0.104272782,0.0216255919999994,1.438035668,0.538674289,0.497780917,-1.47892904,13.86728108,61.339176,0.131897651,0.0735796620000002,0.0056276589999999,0.192110436,0.151217064,-0.0465210309999999,4.04146939,76.1443709999999,0.457725573,0.1041749,0.189250335,-1.573715576,1.614608948,-0.230143707,0.644776469999996,727.957569,0.0007137569999999,0.0914329849999999,0.317835226,-1.484713794,1.525607166,0.276941854,3.61108662999999,178.431259,0.438261287,0.0050782620000005,15.3,-0.4,100,0.359
448179,2022,"Hill, Rich",0.822022852,-0.049050594,0.844762635,1.715836081,4.29791873000001,20.767652,0.263734749,0.184291752,1.855011046,-2.218909351,1.325096122,-0.961197817,12.26465189,363.326266,0.128720625,0.0243623730000006,0.591640695,-2.621735482,1.727922253,0.302172534,14.97276633,258.003522,0.822334814,1.619692035,0.151780619,0.571433667,1.465246896,0.74203261,1.43335648999999,391.043589,0.377923846,0.724461275,0.337743191,0.737743191,1.63155642,1.23155642,3.06783399000001,42.9364460000002,0.161971465,0.403151750999999,12.9,0.3,86,0.329
518876,2022,"Kelly, Merrill",0.205426463,-1.728022561,0.528123776,1.405325248,1.72378696,26.9591049999999,0.037098764,0.0222651430000002,1.924312044,-0.314336981,0.885561804,-0.724413259,8.69634211,214.526589,0.072206629,0.199658545,0.798987854,-0.920654521,0.279244264,0.400910931,5.80350878,82.6740890000001,0.208711201,0.105128205,0.848282525,-2.45881544,1.258916655,0.35161626,2.22054117,175.010864,0.0640664779999999,0.0971919459999997,0.44718177,-2.414558196,1.214659411,0.752717015,1.68083849999999,126.924959,0.118109173,0.0171117279999997,16.7,0.8,88,0.305
669923,2022,"Kirby, George",0.848727967,-1.125408875,1.043408875,0.930727967,7.02603714999999,30.7595179999998,0.212915171,0.193405985,1.353292707,0.427822401,0.509822401,-1.271292707,7.48124418,28.1557480000001,0.208473974,0.135554944,0.448338681,0.445190731,0.527190731,-0.366338681,2.79475936,39.285918,0.183026738,0.039297683,0.107486908,-1.667007866,1.585007866,-0.0254869079999999,2.23273688,678.05239,0.160000705,0.080964894,0.430980393,-1.742509804,1.660509804,0.512980393,6.46039216,86.854902,0.368431373,0.225215686,12.2,-1.4,84,0.314
446372,2022,"Kluber, Corey",0.495827374,-1.22861707,0.763039001,0.961405443,2.60023838000001,192.03877,0.0043421399999998,0.0442428150000004,0.603227185,0.671541126,1.137119195,-0.137649116,5.57674219,62.6232880000002,0.0070538989999999,0.0375147829999997,NA,NA,NA,NA,NA,NA,NA,NA,0.18314088,-1.833656753,1.368078684,0.282437189,3.38031717999999,810.812579,0.0685881719999998,0.0352413120000001,0.018079147,-2.066829667,1.601251598,0.483657216,2.57941771,387.946993,0.0383348789999999,0.0153277530000002,34.2,0.8,105,0.313
665152,2022,"Kremer, Dean",0.704164096,-1.416573738,1.12966858,0.991069254,5.51333726999999,243.365286,0.168967603,0.186136293,1.907818636,0.247348031,0.534253189,-1.620913478,11.5044211,219.086327,0.086420479,0.0941439269999993,NA,NA,NA,NA,NA,NA,NA,NA,0.561059439,-1.935240041,1.648334883,-0.274154281,4.25954513000001,897.736387,0.219996884,0.244583498,0.348593129,-2.010818636,1.723913478,0.635498287,3.71736811,338.503729,0.244405501,0.322767838,30.9,1.7,103,0.306
641778,2022,"Lauer, Eric",0.518541262,-0.0824765949999999,0.766882628,1.367900485,3.55883582,22.8523920000002,0.155942181,0.0594466889999996,1.574544924,-1.43134199,0.581982767,-0.725185701,11.55088803,131.192134,0.098009352,0.0721393409999997,0.548434013,-1.14568676,0.296327537,0.30092521,3.01882215000001,14.8779530000002,0.185882428,0.0599775949999994,0.182708738,0.357166262,1.206525485,0.666650485,2.57393204,521.472047,0.0835667479999999,0.123080097,NA,NA,NA,NA,NA,NA,NA,NA,19.5,-0.6,86,0.386
641154,2022,"López, Pablo",0.610993537,-0.870414789,0.553204644,0.928203682,4.79944834,30.8233529999998,0.0169652179999997,0.0699553599999998,1.306979747,0.416011706,0.733221851,-0.989769602,7.81002415,266.565501,0.166990896,0.069675771,0.113017598,-0.175874741,0.141335404,0.204192547,0.377484469999999,21.5948050000002,0.0453364390000001,0.058669772,0.205544323,-1.940014683,1.622804538,0.111665822,1.20566717,263.003774,0.112389508,0.0833150590000002,0.0227574779999999,-1.725965927,1.408755782,0.339967623,4.65151249,228.593037,0.0571194880000001,0.0603840580000003,9.5,-0.4,82,0.36
458681,2022,"Lynn, Lance",0.672555883,-0.740526013,0.493941573,0.919140323,4.15148327,164.187021,0.129878828,0.0815922109999993,0.556183341,0.439218958,0.685803398,-0.309598901,6.75131845999999,109.961911,0.0034923339999997,0.050692272,0.325243517,-0.008772928,0.237811512,-0.078659077,2.77450979999999,59.1457909999999,0.100537635,0.0429791269999997,0.0461986919999999,-1.418932887,1.172348447,0.292783132,3.02708978,735.338732,0.123847748,0.0347530710000008,0.122006962,-1.349384015,1.102799575,0.368591402,2.65524104000001,300.507504,0.148039478,0.0406416659999999,26.1,0.8,112,0.3
641816,2022,"Mahle, Tyler",0.652713323,-1.704688324,0.998033912,1.359367735,7.70630954000001,103.957628,0.0703467589999999,0.189262721,NA,NA,NA,NA,NA,NA,NA,NA,0.69932598,-0.43795098,0.268703432,0.0073284319999999,1.63948529,99.3469570000002,0.239865196,0.140914215,0.0258918409999999,-2.045972486,1.339318074,0.680762571,0.110614319999996,501.843348,0.043984819,0.114524429999999,NA,NA,NA,NA,NA,NA,NA,NA,12.9,0.4,98,0.336
607259,2022,"Martinez, Nick",0.790083024,-1.250564297,0.74409565,1.296551671,4.82535507999999,44.775924,0.0393653490000001,0.014385829,2.06556955,-0.446929844,0.059538803,-1.559100903,6.82981824000001,223.925888,0.185464352,0.0180714909999997,NA,NA,NA,NA,NA,NA,NA,NA,0.235131096,-1.766033874,1.259565227,0.271337551,8.83382150000001,664.288573,0.202896269,0.108037449,0.523255147,-1.885871837,1.37940319,1.029723794,4.68413484,33.916549,0.173851957,0.0356333490000002,17.7,0.7,98,0.378
543521,2022,"McHugh, Collin",0.522922397,-1.638327603,0.968032908,1.193217092,1.93718075,189.123772,0.0197740669999997,0.0889980350000003,1.725346834,0.360807012,1.031101707,-1.055052139,14.34935771,289.376228,0.387533625,0.441771196,0.720200171,0.63565586,1.305950555,-0.049905476,8.69423948000001,273.874279,0.197128153,0.299717879,NA,NA,NA,NA,NA,NA,NA,NA,NA,NA,NA,NA,NA,NA,NA,NA,47.5,1.6,99,0.345
605397,2022,"Musgrove, Joe",0.353868915,-1.106175268,0.474925268,0.985118915,2.83585569,21.9188789999998,0.0005424109999998,0.0466795539999997,1.908278174,0.0407703339999999,0.672020334,-1.277028174,8.76045858,141.441028,0.180449924,0.089359452,0.912163918,0.297563094,0.928813094,-0.280913918,7.18958021,132.908733,0.033606947,0.0742672420000003,0.436417114,-1.710630597,1.079380597,0.194832886,3.60132307000001,609.599597,0.225718531,0.110500937,0.0051834239999999,-1.797316576,1.166066576,0.636433424,2.27484149,145.566124,0.0097078809999999,0.0540104159999996,19.5,1.9,102,0.288
543606,2022,"Odorizzi, Jake",0.43402657,-1.829642739,1.028827521,1.234841788,4.40970874999999,66.4352080000003,0.113723873,0.0833114009999995,1.71629529,-0.177309783,0.623505435,-0.915480072,15.80760869,128.704711,0.023650362,0.0815760870000001,0.737231658,-0.473794158,0.32702106,0.06358356,5.07975543000001,13.6042789999997,0.0371467389999999,0.0584307070000003,0.464432085,-2.008676689,1.207861471,0.336383133,2.54614482,747.102088,0.123707578,0.129947216,NA,NA,NA,NA,NA,NA,NA,NA,21.2,0.3,91,0.313
670124,2022,"Oller, Adam",0.616215487,-1.746963167,0.811588167,1.551590487,3.75982961,29.3207309999998,0.200880873,0.148526972,1.402978448,-0.409099138,0.526275862,-0.467603448,9.17259698,121.94279,0.055292026,0.0602543100000003,1.203291667,-0.446958333,0.488416667,-0.267916667,5.31239583,393.174687,0.17140625,0.0986249999999993,0.208353261,-2.022638975,1.087263975,0.727021739,3.02851902,526.346892,0.219305318,0.0772740679999994,0.364101378,-2.082985236,1.147610236,1.299476378,4.03560285,63.5187350000001,0.0533791829999998,0.0006525589999997,24.7,-0.6,78,0.364
527048,2022,"Pérez, Martín",0.192245261,-0.108514232,0.817797923,1.118557416,2.88230412,159.29142,0.240402418,0.0964337249999998,1.428087017,-1.539240863,0.612928708,-0.501774862,11.09178708,300.577495,0.0879908630000001,0.165432426,0.554813207,-1.306003684,0.379691529,0.371498948,5.35524862,183.540407,0.178401078,0.145703105,0.271651719,0.165164806,1.091476961,0.654660436,5.44856575,552.836785,0.0545466160000001,0.0885285099999997,0.167949982,0.354261648,1.280573803,0.758362173,2.77363603000001,216.926096,0.126174481,0.0434895499999994,24.3,1.7,90,0.271
475479,2022,"Phelps, David",0.332906426,-1.900188812,0.787428955,1.445666283,3.36670827,60.5928060000001,0.115878776,0.0057331670000007,1.790818657,-0.894008026,0.218751831,-0.6780588,8.15861703,112.554758,0.0211514780000001,0.0244308699999997,NA,NA,NA,NA,NA,NA,NA,NA,0.477377188,-2.676436011,1.563676154,0.635382669,3.31835125000001,249.471937,0.0465671520000001,0.0235956149999996,0.0431860109999999,-2.464656599,1.351896742,1.069573846,3.40797228,187.918996,0.121523034,0.0288896790000006,24.7,-0.7,85,0.268
615698,2022,"Quantrill, Cal",0.874179612,-1.130445388,0.769833738,1.234791262,5.03720874,71.3999759999997,0.260122573,0.125370146,0.844229479,-0.274807991,0.085803659,-0.483617829,5.75946481000001,206.67709,0.271210383,0.0969001049999995,NA,NA,NA,NA,NA,NA,NA,NA,0.034081425,-1.604861173,1.244249523,0.394693075,3.12736075000001,708.168915,0.0066965359999999,0.033749567,0.651468675,-1.589554763,1.228943113,1.012080325,5.11611499,135.80424,0.175575698,0.0674795209999992,36,0.1,101,0.317
541640,2022,"Ramírez, Erasmo",0.478792268,-1.449243447,0.823903998,1.104131717,4.54104849000001,190.831933,0.01657405,0.122792595,1.132627146,-0.158780992,0.466558457,-0.507287697,8.67085626999999,174.263763,0.135312397,0.0623585040000005,NA,NA,NA,NA,NA,NA,NA,NA,0.200136304,-1.832993447,1.207653998,0.425203145,3.81133245999999,725.564076,0.0715740500000001,0.0713045000000001,0.191402746,-2.038254994,1.412915545,0.433936703,3.90434002000001,180.611491,0.0699264089999998,0.109580221,45.9,2.5,99,0.253
541640,2022,"Ramírez, Erasmo",0.478792268,-1.449243447,0.823903998,1.104131717,4.54104849000001,190.831933,0.01657405,0.122792595,1.132627146,-0.158780992,0.466558457,-0.507287697,8.67085626999999,174.263763,0.135312397,0.0623585040000005,NA,NA,NA,NA,NA,NA,NA,NA,0.200136304,-1.832993447,1.207653998,0.425203145,3.81133245999999,725.564076,0.0715740500000001,0.0713045000000001,0.191402746,-2.038254994,1.412915545,0.433936703,3.90434002000001,180.611491,0.0699264089999998,0.109580221,45.9,2.5,99,0.253
656876,2022,"Rasmussen, Drew",1.01892627,-0.549745409,0.305233717,1.263437962,5.18094565999999,214.466471,0.263633085,0.118620175,1.671409417,-0.023429619,0.221082073,-1.426897725,10.64806246,79.6827279999998,0.037480583,0.0296074910000001,0.665476514,0.648002573,0.892514265,-0.420964822,5.6896648,141.614445,0.156213775,0.156154309,NA,NA,NA,NA,NA,NA,NA,NA,1.005358259,-1.348959922,1.10444823,1.249869951,4.5800941,209.861464,0.342127047,0.153407996,32.5,1.7,104,0.305
502085,2022,"Robertson, David",NA,NA,NA,NA,NA,NA,NA,NA,2.37076676,-0.824859665,0.552970523,-0.992936572,8.31729693999999,26.823367,0.0945134489999999,0.0142209290000003,1.384625894,-0.72382055,0.654009638,-0.0067957059999999,9.16253415999999,36.9078589999999,0.145526838,0.0434178599999999,NA,NA,NA,NA,NA,NA,NA,NA,NA,NA,NA,NA,NA,NA,NA,NA,50.8,1,107,0.331
593958,2022,"Rodriguez, Eduardo",0.404703095,-0.232856905,0.663571667,1.301131667,2.93552104000001,20.8035529999997,0.0934145240000001,0.112907619,NA,NA,NA,NA,NA,NA,NA,NA,0.666636905,-1.050257595,0.153829023,0.229791667,5.9112069,21.61915,0.115037972,0.0973234810000001,0.214024292,0.580660392,1.477088964,0.68240428,3.26824323999999,315.40806,0.085583173,0.132380952,0.073872899,0.359402311,1.255830883,0.970301471,2.95147059,39.6857489999998,0.185346289,0.137969188,24.4,1,87,0.308
593958,2022,"Rodriguez, Eduardo",0.404703095,-0.232856905,0.663571667,1.301131667,2.93552104000001,20.8035529999997,0.0934145240000001,0.112907619,NA,NA,NA,NA,NA,NA,NA,NA,0.666636905,-1.050257595,0.153829023,0.229791667,5.9112069,21.61915,0.115037972,0.0973234810000001,0.214024292,0.580660392,1.477088964,0.68240428,3.26824323999999,315.40806,0.085583173,0.132380952,0.073872899,0.359402311,1.255830883,0.970301471,2.95147059,39.6857489999998,0.185346289,0.137969188,24.4,1,87,0.308
434671,2022,"Sánchez, Aníbal",0.365613785,-1.339120514,0.344150276,1.360584023,2.59641564,31.0923910000001,0.105399413,0.0156664070000003,1.268927278,-0.772405538,0.2225647,-0.27395704,11.80503364,142.498188,0.116726191,0.0238988099999994,0.660863095,-0.59714881,0.397821428,0.334107143,4.22994047,83.9345239999998,0.105488095,0.0116130959999996,0.325894841,-2.141767857,1.146797619,0.669075397,7.35486111,624.728968,0.136281746,0.0870734129999997,0.0907569650000001,-2.051200481,1.056230243,1.085727203,1.86850938000001,170.246631,0.0876426039999999,0.0178137039999999,27.3,1.9,75,0.265
592767,2022,"Smyly, Drew",NA,NA,NA,NA,NA,NA,NA,NA,0.938192368,-0.711719396,0.0776017489999999,-0.304074721,9.89727345,15.9228939999998,0.066722576,0.0584642290000001,NA,NA,NA,NA,NA,NA,NA,NA,0.045539215,-0.430539215,0.203578432,0.588578432,6.00970588000001,802.834314,0.127088235,0.106392157,0.496459738,-0.264199603,0.369918044,1.130577385,3.97224073999999,54.9754349999998,0.15948227,0.130138887,18.7,0.2,79,0.393
592791,2022,"Taillon, Jameson",0.434496744,-1.523425607,0.709711321,1.24821103,3.39142489999999,157.504932,0.034555206,0.0384996090000004,1.896976151,-0.28335806,0.530356226,-1.083261865,9.59399538000001,203.577387,0.0761501959999999,0.0810394030000001,0.711282991,-0.522545318,0.291168968,0.102431295,4.5702752,28.3652859999997,0.025410914,0.0287436840000001,0.139971949,-2.21923919,1.405524904,0.673742337,2.978053,684.330736,0.074587506,0.03733347,0.171928812,-2.178037518,1.364323232,0.985643098,3.48059644,232.02963,0.1,0.0158576240000005,11.3,0,97,0.303
624522,2022,"Thompson, Keegan",0.754497313,-1.054958706,0.803250163,1.006205856,3.63636295000001,186.032488,0.0191841729999999,0.0173901920000005,1.801947395,-0.0044790409999999,0.247229502,-1.550238852,8.54989028,21.1747609999998,0.057638668,0.0781449969999998,0.544826731,0.358809632,0.610518175,-0.293118188,5.95113555,196.185305,0.0268726749999999,0.0066129349999997,0.187249732,-1.89230083,1.640592287,0.438958275,3.75967195999999,458.154852,0.070992039,0.156497657,0.414197733,-1.730337151,1.478628608,0.665906276,2.93380857,215.617532,0.0552734599999999,0.0420176459999996,21.5,0,108,0.324
605507,2022,"Thompson, Zach",0.823401114,-0.500140552,0.4467735,0.876768166,5.48650793,193.415946,0.148075397,0.0786859660000001,1.150844277,0.081321621,0.134688673,-1.097477225,10.1609575,335.92017,0.03015873,0.001760462,NA,NA,NA,NA,NA,NA,NA,NA,0.131711244,-1.344955423,1.291588371,0.185078296,1.05122410999999,715.970627,0.181277912,0.203996136,0.326770379,-1.146168118,1.092801066,0.380137431,5.37780309,348.770133,0.0877083559999999,0.035997429,33.3,-0.9,97,0.37
608723,2022,"Voth, Austin",0.83207873,-1.232047818,0.80928466,1.254841888,3.94779555000001,83.6328400000002,0.11544831,0.0317859259999995,1.547021946,0.702219931,1.124983089,-1.124258788,12.02045412,534.503553,0.0319024319999998,0.0486454500000004,0.0206435409999999,0.378674641,0.801437799,0.402119617,5.83666268,300.894019,0.116543062,0.143435407,0.359216599,-1.62001417,1.197251012,0.781979757,2.41052632,519.733603,0.0096457489999997,0.0844493930000007,NA,NA,NA,NA,NA,NA,NA,NA,21.6,-1.1,90,0.354
608379,2022,"Wacha, Michael",0.681735078,-1.484345793,0.657232698,1.508848173,4.26868798000001,70.246991,0.249941911,0.142666028000001,1.704057061,-0.068815681,0.758297414,-0.876943966,14.0436679,121.337397,0.004436166,0.118198071,NA,NA,NA,NA,NA,NA,NA,NA,0.112356733,-1.968763957,1.141650862,0.939469828,4.4362541,468.672948,0.192167283,0.145594622,0.459073129,-1.897416666,1.070303571,1.286186224,3.87468538,0.289965999999822,0.16189881,0.0748835030000005,17.2,1.9,99,0.383
425794,2022,"Wainwright, Adam",0.748982509,-0.619345137,0.63785279,0.730474856,3.6714277,178.348144,0.019929912,0.0280685380000003,1.74621875,0.834604167,0.816096514,-1.764726403,11.37383716,363.87203,0.0619955359999999,0.0718524660000001,0.928958333,1.041041667,1.022534014,-0.947465986,9.03664966,271.308249,1.009702381,0.535918367,0.163263889,-1.698217593,1.716725246,0.144756236,2.12077665,647.723497,0.187744709,0.092161753,0.505798651,-1.591905138,1.610412791,0.487290998,4.27992132999999,210.86014,0.0082731259999999,0.0875946010000001,25,0.5,106,0.342
657093,2022,"Watkins, Spenser",0.765488208,-0.715549069,0.594560304,0.886476973,4.22966,196.296385,0.094584889,0.0365528380000004,1.779601556,-0.145498992,0.0245102269999999,-1.658612791,10.32875541,115.121831,0.170315471,0.0467010950000004,0.80761278,0.549006437,0.669995202,-0.686624015,8.68401136,131.749413,0.111651405,0.0821680999999996,0.239012775,-1.512083116,1.391094351,0.36000154,1.13734339,808.261019,0.0061690009999999,0.0206812379999998,0.540629213,-1.840037454,1.719048689,0.661617978,4.12996253999999,370.691156,0.0135206000000001,0.154516854,28.1,-1.5,107,0.323
642232,2022,"Yarbrough, Ryan",NA,NA,NA,NA,NA,NA,NA,NA,0.0792432479999999,-1.790224681,1.146560378,0.564421055,11.01288008,87.1297629999999,0.0290422709999997,0.0859584509999997,NA,NA,NA,NA,NA,NA,NA,NA,0.0886233209999999,0.914879673,1.558543976,0.555040982,3.75632423,160.88948,0.353968022,0.287909146,0.468764033,0.692338178,1.336002481,1.112428336,4.34931999,266.705363,0.492052423,0.526423069,30.3,-2.5,81,0.332
