,player_name,mlbAM_ID,FF_pfx_z_diff,FF_pfx_x_FC_pfx_z_diff,FF_pfx_x_diff,FF_pfx_z_FC_pfx_x_diff,FF_release_speed_diff,FF_release_spin_rate_diff,FF_release_pos_x_diff,FF_release_pos_z_diff,CU_pfx_z_diff,CU_pfx_x_FC_pfx_z_diff,CU_pfx_x_diff,CU_pfx_z_FC_pfx_x_diff,CU_release_speed_diff,CU_release_spin_rate_diff,CU_release_pos_x_diff,CU_release_pos_z_diff,SL_pfx_z_diff,SL_pfx_x_FC_pfx_z_diff,SL_pfx_x_diff,SL_pfx_z_FC_pfx_x_diff,SL_release_speed_diff,SL_release_spin_rate_diff,SL_release_pos_x_diff,SL_release_pos_z_diff,CH_pfx_z_diff,CH_pfx_x_FC_pfx_z_diff,CH_pfx_x_diff,CH_pfx_z_FC_pfx_x_diff,CH_release_speed_diff,CH_release_spin_rate_diff,CH_release_pos_x_diff,CH_release_pos_z_diff,SI_pfx_z_diff,SI_pfx_x_FC_pfx_z_diff,SI_pfx_x_diff,SI_pfx_z_FC_pfx_x_diff,SI_release_speed_diff,SI_release_spin_rate_diff,SI_release_pos_x_diff,SI_release_pos_z_diff
0,"Alexander, Tyler",641302,0.6842382928275044,0.11468286899822167,0.8896532654555598,1.688574427281286,4.384653579274044,146.05798319327732,0.03225579692457892,0.046555040273370984,0.9728571428571429,0.9528571428571428,0.05147899159663866,0.03147899159663864,11.319495798319323,115.59159663865557,0.3118823529411763,0.23858823529411755,0.6466391941391941,1.134908424908425,0.13057229045464336,0.3576969403145874,3.966931695755221,12.504557207498237,0.12444645550527866,0.1323702865761689,0.05730897009966773,0.4073089700996677,1.4116451045534493,0.9470271643541137,2.4596951338674984,872.1364471369945,0.08696540941958153,0.09413640805159318,0.4103509496284061,0.5065648224607762,1.5109009569145577,1.4146870840821877,4.119810560062177,222.91333576909028,0.07269160149608966,0.08153621217273077
1,"Allard, Kolby",663465,0.917102976302081,0.15572330825228864,0.8546624045194792,1.6160420725692717,5.1830085433157365,76.199735622964,0.04869867285133189,0.04226819734407172,1.2429801026457683,0.8706893537470899,0.1717502574798993,0.5440410063785778,10.428070934630398,300.81750147420985,0.13325965225067726,0.12029002189661053,,,,,,,,,0.3351779529168607,0.6720565656336237,1.3709956619008143,1.0341170491840512,2.728623505229578,590.8480838377861,0.09765629081163318,0.07956238572742613,0.8702357563850689,0.6077357563850687,1.3066748526522591,1.5691748526522593,6.151940078585454,1.5767716535433465,0.03813850687622811,0.01928781925343781
2,"Alvarado, José",621237,0.8553618538324421,0.2465739750445633,0.776632798573975,1.3854206773618538,4.212566844919792,129.90623885917967,0.19492156862745103,0.22964349376114068,1.1037983193277312,0.4912268907563025,0.03883193277310926,0.5737394957983194,6.9347058823529295,187.9630252100842,0.12126890756302533,0.09480672268907586,,,,,,,,,,,,,,,,,0.6426548582258182,0.7985656388949633,1.328624462424375,1.17271368175523,5.259147897077042,185.5615278081491,0.09746184124207302,0.057415263503171055
3,"Alzolay, Adbert",640470,0.8317161530470913,1.2196411876731301,0.9394849376731302,1.1118724030470915,3.808089508310246,69.55470914127409,0.09218641793628835,0.0021197628116338407,0.5893377976190477,0.060186011904761805,0.34034226190476186,0.3091815476190476,10.201711309523816,284.17857142857156,0.026469494047619113,0.01461681547618987,0.31241194640564834,0.03955211007702175,0.3197083600770218,0.03225569640564829,4.0386573331193745,245.77056555269928,0.031504031611039984,0.0357695162066749,0.2175566123188405,1.7359216485507247,1.4557653985507246,0.49771286231884054,4.642187500000006,659.5036231884058,0.05373754528985497,0.03969995471014531,0.43591382575757565,1.8241808712121212,1.5440246212121211,0.7160700757575758,3.5708806818181813,155.50568181818198,0.12285748106060601,0.03806107954545457
4,"Anderson, Brett",474463,0.3086720867208671,0.19243902439024396,0.6534959349593495,1.1546070460704605,2.888075880758805,138.0769230769231,0.1612466124661247,0.11867208672086704,1.8263307333580951,1.2867875861499731,0.4408526268003797,0.9803957740085015,9.723148033510796,292.44476438594097,0.027687672815814413,0.2984239197721923,1.2476473577235772,1.1263080720092915,0.28037311265969805,0.4017123983739837,4.040098722415792,288.48474868658354,0.052447009291521685,0.028689024390243567,0.17491964454528264,0.35781937354257265,1.203754332892166,0.6710153148043109,3.5269111993445534,604.8871332871333,0.06580765109976672,0.24675994201802443,0.004080583452893305,0.4107570540411286,1.256692013390722,0.8500155428024868,3.3909516977522713,329.909133203068,0.04662242945958872,0.1516933285509321
5,"Anderson, Tyler",542881,0.6911006252176153,0.07295092117413748,0.9301474635542032,1.6941990099459558,5.3520514101457906,197.97385923996308,0.39352503141226514,0.2313375569583842,1.254662261380323,1.322787261380323,0.31968887665198237,0.25156387665198243,10.930203744493397,44.65510279001455,0.18125183553597646,0.2440244126284865,0.4929955947136564,1.0938289280469897,0.09073054331864905,0.5101027900146843,5.228120411160063,30.238436123348038,0.7133314977973568,0.718683920704847,0.30710840944650997,0.2493080974340296,1.2524064821623702,1.3102067941748508,4.309269657129903,653.5082277900146,0.2126987934142912,0.2020343580263031,0.24594478926136387,0.6922708241215356,1.6953692088498764,0.7571535954669768,3.711966329856054,228.06541877514474,0.5218057852818672,0.6680318141373123
6,"Bassitt, Chris",605135,0.4236930131225618,1.4300542635658915,0.7055891472868218,1.1481581294016316,4.410368850382525,51.60383036935718,0.08565344277245801,0.05856021685159796,1.915422228933857,0.3417855632739353,1.0662506795530051,1.190957112654787,17.115599516762316,106.42558139534867,0.5679465418302627,0.45504198127453943,0.7237821547223541,0.49727906976744185,1.2217441860465117,0.0006829615567157041,11.814337921215,109.2888467014709,0.07222971048884674,0.1540915994304699,0.144581012537085,2.2820707244712413,1.5576056081921714,0.5798841037419848,3.5085127763422292,264.107340415351,0.0942639487032253,0.06749267872523745,0.05900848153214766,2.1599326949384405,1.4354675786593707,0.7834735978112175,3.924612859097124,107.02247055270345,0.15183775649794806,0.0778891928864569
7,"Bauer, Trevor",545333,1.6384655573731506,0.8658738028493806,1.2483349427457537,1.2560044174767775,8.548267239329249,87.82971919004012,0.08486455713534213,0.03264079356042782,1.6444233160621762,0.7360766839378238,0.35361554404145074,2.026884455958549,5.674398963730567,141.75465949820773,0.2560044041450775,0.3065909326424858,0.2352703040139834,1.3903923465884263,1.0079312066920532,0.6177314439103565,4.465314626381172,90.98025792621775,0.11239137898745266,0.11589159747799549,0.5652000881931429,1.4188424649983464,1.8013036048947195,0.1827389482967699,2.799239334141774,1041.1842293906811,0.04270091500385842,0.17908885459155588,1.2101660043261733,1.2615815684893605,1.6440427083857336,0.8277048644298002,9.090542783842238,317.5022444931619,0.08301071482468947,0.1113755722118821
8,"Bieber, Shane",669456,0.6800631578947369,1.673911433756806,0.9143114337568059,1.439663157894737,4.54299818511798,296.60362068324594,0.11604863883847538,0.025146642468239833,1.9502102669404517,0.14682217659137564,0.6127778234086243,1.1906102669404517,5.075351129363455,244.16511295876353,0.10121889117043126,0.04124147843942527,0.7573356783919598,0.6922603015075377,0.0673396984924623,0.0022643216080402012,2.4866432160804095,52.558686418730304,0.013151758793969792,0.02756683417085437,0.176158904109589,2.1254739726027396,1.3658739726027396,0.5834410958904109,0.8093698630136856,890.1990494828067,0.03649863013698629,0.035021917808218284,,,,,,,,
9,"Buehler, Walker",621111,0.8073202280762909,0.9479902644290623,0.74998638846007,1.0053241040452832,3.786918812144151,144.97254383338304,0.18460202845143847,0.1721283385621568,1.9260798673226,0.19819897883124626,0.39620285480023854,1.7280759913536077,11.426585793082879,243.66081535444118,0.2754813282647586,0.23967016994633195,0.6272404708319937,0.4892341835458863,0.6872380595148786,0.4292365948630015,6.702034437180714,181.33845802674705,0.07173454077805164,0.0014481298896145134,0.24701768571281896,1.7788057651830176,1.5808018892140254,0.049013809743826686,0.09154217362286943,1095.0686508547667,0.2117526567072232,0.08303519174495655,0.42965464122440855,1.8026530510832837,1.6046491751142915,0.6276585171934008,3.7568276684555855,275.8714470284235,0.2885758298548995,0.19049542834426525
10,"Bumgarner, Madison",518516,0.6067534553510737,0.03299851463961134,0.9488838649580826,1.522638805669545,4.436080830459119,93.20659793396999,0.10918926176749455,0.01172157464985002,0.9060341080864589,1.5224844123460937,0.6065990620276223,0.009851242232012503,8.190535006007678,56.42280820374117,0.02023074637278599,0.02048908928825277,,,,,,,,,0.08330064405935311,0.388989858733943,1.3048752090524143,0.8325847062591183,2.193484681350739,972.5081579060657,0.12472760915204839,0.05599373732341739,0.30377620933034943,0.49418161473575484,1.4100669650542261,1.2196615596488207,3.8161559648820713,362.40581961271596,0.2816965054226199,0.08254363918058161
11,"Burnes, Corbin",669203,0.2206449464494643,1.408867248672487,0.8271919719197192,0.802320223202232,1.1734317343173473,159.5786319077106,0.10533669336693363,0.06789955899558997,1.5849560620922665,0.007828748034315658,0.5895040247870833,1.003280785339499,14.030154763572952,99.82295629421787,0.31618263347190434,0.22516774876609524,0.9498777016341593,0.3015163570963443,0.28015891965642337,0.36820242488139165,7.2093413749263675,94.26980014803848,0.02111349189122136,0.0483793916090427,0.31710627306273065,2.0895062730627307,1.5078309963099632,0.264569003690037,4.51416826568267,893.5614210501183,0.021273062730627346,0.1381716605166048,0.07471067608981163,1.9218147476390017,1.3401394708862342,0.6563859528425793,1.631482581774975,210.91873449328614,0.08303202201513538,0.0510330852461065
12,"Cisnero, José",542585,0.6520971397733406,1.480701025364274,1.1729363194819211,0.9598618456556935,7.172576902320557,93.70182555780957,0.01203130059363211,0.11033944954128394,,,,,,,,,0.44021386228910164,0.16649293205654353,0.1412717738258094,0.13244915640674873,2.477332421340634,46.91865025079778,0.030291381668946737,0.03734883720930249,0.009941176470588231,1.9877150735294118,1.6799503676470589,0.31770588235294117,1.2556617647058772,679.829411764706,0.05853492647058811,0.17253124999999958,0.23568744512730466,1.9831185250219492,1.6753538191395962,0.5434521510096576,6.890829675153654,245.26597892888503,0.10994117647058821,0.20400746268656622
13,"Civale, Aaron",650644,0.9389373052959503,0.7915066199376948,0.7410066199376948,0.9894373052959503,3.7033021806853696,167.10237538940783,0.009073792834890959,0.02526596573208728,1.8143077956989249,0.2587244623655913,0.3092244623655913,1.7638077956989249,10.680591397849454,328.43079004329,0.1018702956989248,0.018458333333333243,0.6691352790014684,0.21491758443465492,0.2654175844346549,0.6186352790014684,4.295249632892791,230.28646755162254,0.030117198972099857,0.038021842878120715,0.011503787878787808,1.3308977272727271,1.2803977272727272,0.03899621212121218,2.1407575757575614,847.4630089058523,0.16288068181818183,0.16931439393939396,0.5582583333333334,1.5710916666666668,1.5205916666666668,0.6087583333333334,4.102166666666676,175.9958333333334,0.15594583333333334,0.13964166666666689
14,"Clase, Emmanuel",661403,0.11394254445964425,1.1950574555403557,0.542389876880985,0.766610123119015,0.4793433652530723,33.3881973259563,0.11733978792070077,0.0318672199170118,,,,,,,,,0.8116447571276574,0.36932729681019705,0.28334028184917376,0.15897717846828652,8.341291555381858,29.47995359835795,0.12554910096818817,0.01265216615357101,,,,,,,,,,,,,,,,
15,"Colomé, Alex",517008,0.8952764280764278,0.8080774180774182,0.39783288783288784,1.3055209583209582,4.266237006237006,47.51833283833321,0.2150521334521336,0.04850672210672169,,,,,,,,,,,,,,,,,,,,,,,,,,,,,,,,
16,"Corbin, Patrick",571578,0.7128989703989704,0.13484234234234227,0.7948423423423423,1.3728989703989705,6.386904761904759,120.53201415701415,0.21814832689832686,0.0906097168597162,0.6428846153846154,0.8505769230769231,0.1905769230769231,0.017115384615384616,21.167307692307688,482.1057692307693,0.08586538461538495,0.3160576923076919,0.5051666666666667,0.831547619047619,0.17154761904761906,0.15483333333333332,5.1742380952380955,53.04039561487116,0.0029880952380949566,0.027197619047618637,0.5367241379310345,0.3311206896551725,0.9911206896551725,1.1967241379310345,4.32931034482759,648.875,0.1941810344827588,0.06271551724137936,0.5157988357050453,0.6339618369987062,1.2939618369987063,1.1757988357050453,6.725646830530408,172.2945849546045,0.21818402328589936,0.03778622250970187
17,"Cortes, Nestor",641482,1.0118190856582108,0.07429801757753657,0.9046125969476031,1.9907297001833504,5.3524692048790286,128.7790971929312,0.3113876957244064,0.13674256053576261,,,,,,,,,0.14818307956329646,1.7488366743345383,0.7699260598093985,0.8307275349618433,7.9390385949538,98.87181874612043,0.518090334830394,0.39687406433709427,0.06679374905631891,0.6323954401328704,1.61130605465801,0.9121168654688208,2.4048882681564265,921.5523554280537,0.15190812320700586,0.20222029291861698,0.6995340072714373,0.4335022612396914,1.412412875764831,1.6784446217965772,4.91217522390707,132.82659395229211,1.187306021104904,0.6272288729271969
18,"Cueto, Johnny",456501,0.4022065895835464,1.860716259081142,0.6376128108052799,1.6253100378594085,4.233807428629888,20.478938831039613,0.16424332344213655,0.08109689962140632,0.911868743047831,0.5479977753058956,0.6751056729699667,0.31123470522803115,8.415795328142394,111.81757508342571,0.04451612903225799,0.09695216907675253,0.3978625760649088,0.7442841446923598,0.47881930358350233,0.8252408722109533,3.4038962136578874,47.179913793103424,0.049852941176470544,0.00807724814063615,0.5569159676918298,1.8673438956197579,0.6442404473438956,0.6661874805840323,4.827034793414114,882.5957680250785,0.04259009009009018,0.016588226157190356,0.08618201208674015,2.2893435241142317,1.0662400758383694,1.136921436189122,4.076821898329186,55.831082710393275,0.14154639175257744,0.10330844886834978
19,"Darvish, Yu",506433,0.5111381886087769,1.5973748832866481,0.6449463118580765,1.4635667600373483,3.164393090569561,150.99477124183022,0.08202054154995309,0.003557889822594973,2.226677339901478,0.2977549261083744,0.6546736453201971,1.2742487684729065,15.971884236453207,51.66034482758596,0.27444334975369444,0.021866995073891005,1.0863194857526624,0.24875736352297806,0.7036712079055935,0.13389091432409095,7.0604605200038435,114.23449899125762,0.0077067063225557675,0.013201957210015713,0.5099576719576719,1.7021058201058201,0.7496772486772486,0.4424708994708995,2.4682539682539613,1208.4185185185186,0.22607936507936488,0.06684656084656027,0.010743605739238937,2.201177791640674,1.2487492202121024,0.9631721771678105,2.6592763568309437,261.86943231441046,0.05744416718652534,0.11053399875233971
20,"Davies, Zach",605200,,,,,,,,,1.9027713425228772,0.26681628634310195,1.2016888682960731,0.434266187883702,12.384136453144905,367.80325495192847,0.1364311363373103,0.2574643808641248,1.1235438144329897,0.7166688144329896,0.7518363402061856,0.3449613402061855,6.6077319587628836,208.25128865979377,0.06782860824742287,0.14445876288659765,0.3952239219598713,2.229931209892966,0.7614260552537906,1.0732812326793038,8.09715848206038,400.31832211864935,0.09943329761420894,0.06031599108253527,0.003129613249557517,2.2707627493442324,0.802257594705057,1.4653755413896177,1.4204485146099017,73.13998352955537,0.10257343073262981,0.002838940401390211
21,"Dunning, Dane",641540,0.027238562091503327,1.0740114379084966,0.7262990196078432,0.37495098039215685,4.193545751633991,201.72368421052624,0.3999918300653591,0.11221405228758208,1.7512614379084968,0.12198856209150333,0.46970098039215685,1.4035490196078433,7.587704248366009,138.82368421052615,0.2581168300653591,0.20058905228758128,0.972185428407309,0.13869374194650141,0.2090186763541521,0.6244730101066556,6.142944747178362,141.50456307038394,0.11055299396084628,0.09211013304767679,0.007169068430585068,1.9814662571856052,1.6337538388849517,0.34054334987006846,1.3113237262776494,277.5499894314098,0.045699661390660395,0.0449098354201114,0.013946978925170717,1.7406121393113023,1.3928997210106489,0.36165939722582424,4.544472605341397,178.54835625896226,0.09841617876275377,0.05243198815932537
22,"Eflin, Zach",621107,0.1660071428571427,1.8460428571428573,0.5731857142857142,1.4388642857142857,3.476928571428573,72.53285714285721,0.023842857142857277,0.052935714285713864,1.4908784893267653,0.12156814449917908,1.151288998357964,0.2180213464696223,12.01190476190476,175.71182266009873,0.03636288998357973,0.20848111658456414,0.24835108336393685,0.8328755049577672,0.4399816378993757,1.024506059493206,2.032427469702526,51.2482556004411,0.116456114579508,0.12662504590525092,0.4259289843104873,2.203963666391412,0.931106523534269,0.8469281585466557,4.308340214698589,383.42361684558205,0.09123864574731622,0.166655656482245,0.36425595238095243,2.401592261904762,1.128735119047619,0.9086011904761906,2.812500000000014,44.21043627031622,0.03013392857142838,0.06514880952380953
23,"Eovaldi, Nathan",543135,0.2300448599864825,1.980391680029686,1.0563752865870628,1.1540612534291055,4.344132861541453,168.067007367094,0.07166260254184476,0.22052926390747984,1.8419945355191256,0.14316029143898001,0.780856102003643,0.9179781420765026,13.95810564663023,195.13843351548303,0.12197632058287788,0.1012021857923493,0.8007381117032095,0.46227657324167104,0.4617398202009519,0.12327828173941341,6.698912527627499,124.5071797583696,0.03717914819183976,0.02961165575126401,0.8298841001233915,1.8851529173276926,0.9611365238850696,0.09413229331923145,4.605984487925255,744.6052281789989,0.01476599682707569,0.006942094130089949,,,,,,,,
24,"Fedde, Erick",607200,0.19624453129557262,0.8314974041882983,0.5510091582570145,0.4767327772268565,3.7597620019833187,201.30012249897914,0.17161406988275107,0.11261622819809869,0.6475961230169417,0.6491414656355405,0.9296297115668244,0.36710787708565784,9.69102157156965,230.16413053236374,0.18447263796442348,0.18848992600002568,,,,,,,,,0.41723275639369667,1.7564980625161455,1.4760098165848616,0.13674451046241282,1.7713769051924544,505.84612990246933,0.33346163781968485,0.2887636269697742,0.29558063746778496,1.3758465278865457,1.0953582819552619,0.5760688833990688,4.411368555196418,169.50351340576094,0.17188807293075725,0.07700059446683127
25,"Fleming, Josh",676596,0.697159090909091,0.45465909090909107,0.9837045454545456,1.2262045454545456,4.67613636363636,11.1159090909091,0.015977272727273117,0.02222727272727365,0.7454870129870129,1.2514610389610388,0.7224155844155844,0.21644155844155846,7.708766233766241,59.06233766233777,0.10577597402597361,0.10036038961038951,,,,,,,,,0.5550728032413269,0.5549550519118764,1.084000506457331,0.026027348695872376,4.516099012408205,250.49369460622938,0.04281102810838133,0.19782267662699482,0.25559090909090904,0.9514426479560709,1.4804881025015255,0.27345454545454545,4.842998779743752,64.27182306940381,0.1280510982306291,0.024267693715680494
26,"Flexen, Chris",623167,0.9172905267420919,0.7861080497703636,0.5846552652667316,1.118743311245724,3.690421186871518,192.34224091448277,0.023043954055474658,0.008533751820289481,1.6957129905963175,0.040403288473450094,0.24185607297708206,1.4942602060926855,11.856337068528632,408.5350246652574,0.06317196914240675,0.0128870994988457,,,,,,,,,0.18442697594984359,1.6336704718459802,1.4322176873423482,0.38587976045347555,6.357042297039939,973.6475145890458,0.10291646769998253,0.16952556979376787,,,,,,,,
27,"Fulmer, Michael",605242,0.8703037330200153,0.6744050048440624,0.6357001216168863,0.9090086162471915,4.293111124853141,210.60580669099,0.056128460412673054,0.028461855585101503,1.1400514023913286,0.7804749133981451,0.8191797966253214,1.1013465191641525,11.610056989607784,120.2388535031846,0.13361604648564107,0.07632864007151596,,,,,,,,,0.03208147757929858,1.5383220790830578,1.4996171958558817,0.0066234056478776115,3.1010344332168103,729.5694171735072,0.5473002570119565,0.3789978130038474,0.5989556675222613,1.6119995563583358,1.5732946731311594,0.6376605507494375,4.534090693031658,207.94078721537835,0.038718953005672185,0.08394765028361384
28,"Gallen, Zac",668678,0.5636994370334723,1.1668506960632448,0.5550992836338662,1.1754508494628508,3.115587104406984,77.86305826678517,0.04229552985527274,0.009778422791371533,1.8621029024884632,0.19645404752663131,0.4152973649027472,1.2503514900590849,10.53231552162849,190.8066157760818,0.027991762625609873,0.05379177987665518,0.8925423728813558,0.24056497175141234,0.3711864406779662,0.2807909604519774,4.121468926553661,220.6553672316386,0.0824293785310739,0.13570621468926536,0.5879255851493139,1.9390970137207424,1.3273456012913638,0.023825827280064604,4.162380952380957,770.198095238095,0.14215948345439955,0.22527247780468151,0.629322033898305,1.6951224105461393,1.0833709981167607,1.2410734463276836,3.0333333333333456,81.88888888888914,0.04062146892655294,0.06949152542372872
29,"Gant, John",607231,0.8429305912596401,1.4865409534558072,1.1456412105252158,1.1838303341902314,6.547661295379029,171.50526594057283,0.016259013104269915,0.03178746838882329,1.6574330451039965,0.045566954896003764,0.38646669782659504,1.3165333021734051,10.736396354288374,139.04404145077706,0.3365015190465064,0.19968333722832465,0.84806940874036,0.29123607540702656,0.049663667523564686,0.5071696658097686,5.38018423307625,37.67262521588964,0.11872879177377893,0.09656212510711182,0.061534194863243685,1.5544567961277473,1.213557053197156,0.40243393779383496,5.285139188031209,1129.883770570416,0.22976933231431929,0.09271978276476922,0.5643217758326429,1.8444385547458697,1.5035388118152784,0.9052215187632342,6.167543039651008,232.77608564967204,0.053360739906662236,0.08078498233090414
30,"Garcia, Luis",677651,1.1062892419937564,0.8576016345715388,0.891416251327332,1.072474625237963,7.14861670477265,24.354234949111287,0.22630760939926464,0.021252172360243016,1.401860231271996,0.056515837104072486,0.022701220348279205,1.4356748480277894,10.178753599341832,113.83879519173615,0.5253137711961242,0.021470816764933787,0.6666610286287038,0.877747917058197,0.8439333003024037,0.7004756453844971,6.170237993541875,4.511660487604786,0.20553273763760505,0.11276172740371226,0.3769032395566923,1.7836402387041772,1.8174548554599705,0.343088622800899,2.6822095636673566,468.85142990002305,0.23350868015190285,0.14827927613733305,,,,,,,,
31,"Gibson, Kyle",502043,0.6872313722486083,1.140828737041009,0.6080016342372708,1.2200584750523467,3.3275611562228704,75.25099586333681,0.26483491650068935,0.1533203105050811,1.3660718122247286,0.07591855551974791,0.45690854728399044,0.8332447094209904,10.091793783793449,68.06795395137306,0.06091211014430442,0.038012854943245244,0.7492245215843347,0.20392149128130438,0.3289056115224339,0.21639741878059637,6.01753145608285,146.11679208641817,0.013261216976169887,0.04733968523688148,0.32933240848909656,1.88243136682243,1.3496042640186916,0.20349469431464176,4.712103290498433,725.7414330218069,0.05018642912772586,0.08107987733644872,0.03649322906732788,1.918636086210185,1.3858089834064466,0.49633387373641047,2.786760442494767,230.9442760589195,0.13512330726683164,0.017458706847224725
32,"Gonzales, Marco",594835,0.3297173626010892,0.24272270589206157,0.6445062097705891,1.21694627826374,2.8571948753919827,23.725068080541405,0.2265006601749464,0.15407389833305807,2.2041169145857173,1.6434744564851587,0.756245540822508,1.3168879989230666,10.364900383657542,162.8872753584169,0.26860705391397977,0.14161725112741497,,,,,,,,,0.28370391436992615,0.252755313097885,1.1399842287605357,0.6035250012927246,6.20143621697089,64.86540354968292,0.4107970939552201,0.1860286209214541,,,,,,,,
33,"González, Chi Chi",592346,0.592839588899235,0.5945979932295429,0.44446554289841705,0.7429720392303608,4.110472452593754,187.75850421342147,0.034394966539321725,0.073330490553559,0.5462652277001063,0.029290327855449216,0.17942277818657507,0.39613277736898045,6.729768620717849,53.04225702212261,0.07045294742866481,0.07050363829613282,0.12317880794701988,0.0818488846733626,0.06828356565776325,0.02695364238410597,2.1437814400162694,12.768844567899123,0.01996731085178083,0.021048932098033823,0.05933691532342039,1.3756945312174602,1.2255620808863343,0.20946936565454624,3.535265941938434,875.2338798742674,0.016754133866466514,0.051002124203423094,0.27781020304199106,1.2943875991558111,1.1442551488246853,0.4279426533731169,2.744006986391085,296.01187403200856,0.029732916090531747,0.055329306455134564
34,"Gray, Sonny",543243,1.1724322469982846,0.2561903945111492,0.6107358490566038,0.8178867924528301,5.726003430531733,28.162435677530084,0.011056603773584861,0.11486620926243507,1.2473357335733573,1.0664266426642663,0.7118811881188118,1.6018811881188117,7.1821602160216,300.51791179117936,0.00043564356435643603,0.1641890189018902,0.5410125811688311,1.105505275974026,0.7509598214285715,0.8955580357142857,4.253733766233779,156.63167549938862,0.08236607142857144,0.06568384740259603,0.6646805896805897,1.139103194103194,1.4936486486486484,0.3101351351351352,1.621990171990177,621.6805896805897,0.1654054054054055,0.0025184275184271243,0.6915870570107858,1.202064714946071,1.5566101694915255,0.33704160246533127,5.819876733436061,132.51299704931853,0.09576271186440677,0.11140215716486868
35,"Greinke, Zack",425844,0.5533918128654969,0.9276413255360625,0.5826413255360623,0.898391812865497,3.7362573099415215,137.27734375,0.9567543859649121,0.13619883040935754,1.6999289099526067,0.13142180094786726,0.47642180094786735,1.3549289099526067,14.010426540284357,267.5450236966826,0.9713270142180093,0.0603554502369672,0.5731025641025642,0.16297435897435897,0.18202564102564112,0.22810256410256408,1.6151282051282152,260.2743589743591,0.9028717948717946,0.10664102564102595,0.4478359511343805,1.884973821989529,1.5399738219895287,0.10283595113438043,1.1593368237347335,502.8945518453427,0.8089528795811516,0.04047120418848227,0.10340136054421767,1.9036734693877553,1.558673469387755,0.44840136054421775,4.330612244897949,59.14285714285734,0.9123809523809521,0.044829931972789616
36,"Hearn, Taylor",621368,0.5044486215538847,0.36510025062656637,0.06843358395989974,0.8011152882205513,5.49197994987469,75.6557788944724,0.12397243107769418,0.12035087719298243,,,,,,,,,0.5137209302325582,1.3192732558139535,1.0226065891472869,0.21705426356589153,5.296705426356581,10.369186046511459,0.07064922480620117,0.10360465116279105,0.27492957746478874,0.046666666666666634,0.34333333333333327,0.02173708920187789,2.7544600938966965,465.19248826291073,0.1546948356807505,0.061173708920188474,0.011440217391304408,0.354375,0.6510416666666666,0.30810688405797104,4.2142210144927645,27.31335149863753,0.06998188405797068,0.040027173913043335
37,"Hill, Rich",448179,0.7620371191955043,0.07907682638272706,0.9138217243419107,1.7549356699201422,4.434368530020706,87.22049953746546,0.2613346643005028,0.22005175983436853,1.874271426587026,2.472620734361254,1.4797221836366163,0.8813728758623883,11.92444783997776,288.09283696809734,0.03148446543501415,0.0012376718988740265,0.8018731674625116,2.7211217223758064,1.7282231716511687,0.19102538326212617,14.051428332076725,168.29756220155832,0.7112624612549217,1.2695560023456478,0.06310027418723074,0.2809381120250686,1.2738366627497064,1.0559988249118684,2.8077164120642237,754.475910693302,0.15870348609479068,0.07529573051312255,0.1636897125207888,0.5494250415775718,1.5423235923022096,0.8292088382038489,1.1123544784984603,210.6934782608696,0.7887788073176523,1.2175243525778097
38,"Irvin, Cole",608344,0.0886936522539099,0.7887672493100276,0.5737327506899723,1.2738063477460901,0.10418583256669933,157.43173431734317,0.26695722171113156,0.033714351425943256,1.9408988764044943,1.7964044943820223,0.43390449438202244,0.5783988764044944,13.707303370786533,256.8089887640449,0.2535674157303369,0.02266853932584212,1.3294206549118388,1.6782115869017633,0.3157115869017632,0.033079345088161224,7.657304785894212,209.3518987341772,0.4952581863979848,0.18479219143576842,0.7178607809847198,0.4036332767402375,0.9588667232597624,0.6446392190152801,6.406196943972844,214.5229202037351,0.4536120543293718,0.15453735144312386,0.42397286821705427,0.2798062015503875,1.0826937984496126,0.9385271317829457,0.18372093023256753,89.12280701754389,0.3114728682170542,0.03358527131782996
39,"Jansen, Kenley",445276,,,,,,,,,,,,,,,,,1.9696082564778217,0.9405779534475186,0.11278407261015955,1.1418143756404626,10.527700190308877,229.0723649763395,0.09082125603864744,0.04327506953593918,,,,,,,,,0.14795474192728197,2.0168171878972796,1.1890233070599203,0.975748622764641,1.3907687092126508,336.9466734469024,0.18191558606661573,0.07003424018984639
40,"Keller, Mitch",656605,1.2662552224708776,0.5925113809446823,0.8176234885680007,1.0411431148475592,7.7060002042188245,16.379515150483712,0.14705920643970005,0.0915664008985626,1.2517468858993521,0.7535864474339811,0.5284743398106626,1.4768589935226706,7.536517189835578,245.88761731708564,0.045108619830593,0.010129546586946425,,,,,,,,,0.67222533632287,1.1957292091316754,1.4208413167549938,0.44711322869955156,3.7622706889522988,723.473661151487,0.0767575417855686,0.008153281695882697,,,,,,,,
41,"Kelly, Merrill",518876,0.23869955797987408,1.6708101194394809,0.4581570582149911,1.4513526192043638,0.912962287219031,37.98301890341372,0.056385215837487124,0.005760970563340351,1.8887285168470518,0.3095276036050426,0.9031254576194471,0.6760754556225622,9.54531197997791,242.90377011861483,0.12452161295046404,0.21447415365363387,,,,,,,,,0.5885523606869965,2.3442158677960014,1.1315628065715115,0.6241007005374932,3.5988946153952384,351.27846710789936,0.10356714520608512,0.1260502535475938,0.3368477899309291,2.3441408548078866,1.131487793583397,0.8758052712935606,0.800815935194791,79.01079044780045,0.1401641001558822,0.05080999993477775
42,"Keuchel, Dallas",572971,0.5544853552139593,0.2265491275446614,0.5742641254673868,1.3552986082260075,3.9021395928541693,2.8556717116553045,0.057813668466971446,0.11631699210635649,,,,,,,,,0.6143185240963855,1.2212456074297189,0.4204323544176707,0.18649472891566263,7.32221385542168,161.01465874811447,0.15166729417670655,0.12312625502008068,0.22484203179856782,0.5688678526686979,1.369681105680746,0.5759712212134804,5.586278361198325,582.726903618167,0.03842000866108841,0.05034451026184339,0.22109581112445914,0.5634927658358506,1.3643060188478988,0.579717441887589,2.610827044868728,228.12403461758117,0.1616590757998111,0.09163373727241986
43,"Kikuchi, Yusei",579328,0.5645475550595018,0.05412085921705101,0.8450716422148139,1.3554983380572647,3.8002403575502086,88.285298537784,0.0071142897703633245,0.004882268857787864,,,,,,,,,1.036647808160926,1.0114205354336532,0.22046975243589031,0.24569702516316305,8.855172684748638,102.3329312034316,0.42563957143121267,0.22145469336439483,0.3458904884276009,0.09414668629358869,0.8850974692913516,0.44506029457016205,5.075521236163439,849.362120871901,0.47921226183644783,0.2330197184035665,,,,,,,,
44,"King, Michael",650633,0.8494169053389145,1.3129426452228832,1.0741191158111185,1.0882404347506793,7.259176029962546,22.402438128809536,0.11449438202247197,0.1936740838657558,1.0990849673202616,0.13091503267973847,0.36973856209150324,0.8602614379084967,7.433333333333337,65.26797385620921,0.1499999999999999,0.035359477124182526,0.35225648835586015,0.9741512786344311,1.2129748080461957,0.11343295894409539,8.20161812297735,268.27127418624195,0.0026213592233008676,0.05988324132241907,0.12408963585434174,1.9928944911297852,1.7540709617180203,0.3629131652661065,3.0674603174603305,289.27170868347366,0.029841269841269558,0.19821195144724602,0.19449135666727746,1.9636207928654328,1.724797263453668,0.4333148860790422,5.912211838006229,115.02984545843265,0.046299065420560837,0.017864150021379643
45,"Kluber, Corey",446372,0.646789317240137,1.0679647811205188,0.7582669789227166,0.9564871194379393,2.250684561340293,191.38698460009937,0.030035579174923166,0.06318456134029926,0.6021223750803905,0.786325462069737,1.0960232642675392,0.2924245728825881,5.701061152587869,51.88906926406935,0.04894702625618663,0.07082578363112724,,,,,,,,,0.21744624940277119,1.7581527711419014,1.448454968944099,0.09225155279503111,2.956247013855716,816.0907444005272,0.06473901098901136,0.0021165790731005885,0.09202838827838822,1.9171978021978022,1.6075,0.4017261904761905,3.1059294871794805,341.17698064987235,0.04542353479853478,0.022149725274725363
46,"Lauer, Eric",641778,0.4024126853538619,0.16188801394683727,0.5209691289103053,1.0852698282110045,2.2469520675403203,88.12676280026699,0.2919547119547117,0.05482204070439334,1.5604698780920816,1.452829033021659,0.7699718901645165,0.877612735234939,11.452041661735109,104.2485723556133,0.19727867203219307,0.046491498007654286,0.4930796895029196,1.1464695200113941,0.4636123771542516,0.18977745335422308,2.953706736932048,103.50603339236022,0.35322639225181574,0.038469709917865025,0.35304460245636704,0.15722689075630258,0.8400840336134452,0.3298125404007756,3.698577892695525,863.0400749873818,0.08202327084680006,0.14794225382460713,,,,,,,,
47,"Lester, Jon",452657,0.3487309612014462,0.46530151511790424,0.5644689766853745,1.378501453004725,2.2304687326693085,132.7823154905832,0.04371864948202031,0.01983311519776354,1.3613402658836964,1.735917380311557,0.7061468885082782,0.33156977408041755,13.807324035559915,132.6884430307482,0.07267979773264832,0.17772914117934846,,,,,,,,,0.31969778384942327,0.025880919854280426,1.0556514116575593,0.7100727079538555,5.099377656344885,567.3910898603519,0.10373459319975709,0.036415224650879985,0.3515880220776012,0.14034665128923285,1.1701171430925117,0.6781824697256775,1.1456297882856887,262.81378202487826,0.13300955597660424,0.019841173078506635
48,"López, Pablo",641154,0.38623522012578604,1.3408213836477987,0.409354716981132,1.3177018867924528,2.4406876310272594,78.22041928721183,0.061522431865828064,0.08417777777777768,1.2168166666666667,0.28699583333333345,1.2184625000000002,0.28535,11.43919444444444,288.37097222222246,0.05141388888888887,0.08144722222222267,,,,,,,,,0.506838305709024,2.2127683241252303,1.2813016574585636,0.4246283609576427,3.632783302639652,250.35718737187358,0.08107206875383666,0.053872068753836544,0.19432733017377568,2.0837586097946286,1.152291943127962,0.737139336492891,2.0525413375460744,213.73664033701948,0.04873006845708261,0.0008507635597680974
49,"Luetge, Lucas",476595,0.2821168831168832,0.5178831168831168,0.5008051948051948,1.3008051948051949,1.9602597402597297,2.4321148825065393,0.2938181818181818,0.000376623376623364,1.9018513708513707,1.6482534872534873,0.6295651755651755,0.8831630591630591,13.836565656565668,103.9876704380622,0.1121077441077441,0.057771524771524696,0.7677407681286684,1.383292369552156,0.3646040578638443,0.2509475435596432,7.014473355825672,235.08211488250663,0.24737690067939183,0.1885972639460185,,,,,,,,,,,,,,,,
50,"Lyles, Jordan",543475,1.3908186169334873,0.6972464515596634,1.0525476563789404,1.0355174121142101,6.742319277108436,263.06505198170544,0.16893639627001156,0.009023972602739683,1.3297379853988445,0.4605779997312671,0.10527679491198999,1.6850391902181217,6.018786670846964,78.10865851465587,0.1182306176378376,0.04072490706319698,0.0958373754759297,0.729862480223926,0.37456127540464884,0.45113858029520687,2.972669900380751,122.93593588327121,0.2970860063631148,0.0896681096681089,0.6565796519410977,1.2518925702811246,1.6071937751004017,0.30127844712182056,0.09231927710843024,945.3525769745647,0.32730365908076753,0.03949074074074055,0.9110616903705047,1.2265698885768639,1.581871093396141,0.5557604855512275,5.35218769816106,341.20794456019576,0.15400443880786308,0.1033458646616543
51,"Lynn, Lance",458681,0.8412539578281821,0.9059582210490777,0.7283195113716583,1.0188926675056016,5.316066173536726,131.12402565912635,0.10915426782480564,0.08850975722046606,0.7746242784380306,0.1419546689303905,0.3195933786078099,0.5969855687606113,6.54751612903226,65.46599320882842,0.017239049235993065,0.014658913412563201,,,,,,,,,0.14302091212458284,1.531720467185762,1.3540817575083426,0.32065962180200225,1.519067853170199,762.2845050055616,0.06760656284760858,0.032224026696328956,0.11932770202859994,1.4752083804456269,1.2975696707682074,0.29696641170601934,3.708102427668763,309.955722968009,0.08166824077153301,0.019886531426671183
52,"Mahle, Tyler",641816,0.7292732847328006,1.7058005486989773,1.1783663381726615,1.2567074952591164,7.442163552709303,95.22198403311631,0.10966502937793399,0.23147923337582021,,,,,,,,,0.13594089886235783,0.45632094636829607,0.07111326415801975,0.39149331166395795,0.12888798599823303,103.68572753568515,0.008511063882985281,0.1322155894486814,0.010796841071243901,1.9106200237824424,1.3831858132561268,0.5166373694550719,0.14516854513495048,589.6880644658982,0.015440492193154798,0.10411358701271833,,,,,,,,
53,"Martinez, Carlos",593372,0.2505803571428572,1.496976461038961,0.6177456918081919,1.1298111263736264,2.8233318764568764,119.70924459527396,0.1748738761238764,0.035491487678987355,0.8407142857142856,0.08142857142857152,0.9606593406593407,0.03851648351648351,12.315750915750911,221.5047268907565,0.02060439560439553,0.4230036630036631,0.6517954990215263,0.18032778864970667,1.0595585578804758,0.2274352702092428,8.08923428170003,111.22858550636784,0.0037110492247482973,0.10613477846354602,0.9115276630883566,1.9863253509496284,1.107094581718859,0.03229689385758748,5.742092781977163,313.2032318741451,0.06747570348726395,0.03216138389548817,0.5190718321226795,2.1002017756255045,1.2209710063947352,0.36015893710808966,0.7133854845719299,225.68816844919797,0.02856025330601586,0.1196194201278944
54,"Maton, Phil",664208,0.9213263329595269,0.12194923029870529,0.4661845244163523,0.57709103884188,3.503863798552345,63.59115098379016,0.022368029360791297,0.04703088999898064,0.9818786246893123,1.3950227837613918,1.0507874896437448,1.3261139188069593,12.004411764705893,440.5279204639605,0.18929494614747333,0.010457332228666516,0.5874871001031992,1.1033462332301343,0.7591109391124873,0.9317223942208461,5.953095975232188,289.8546439628485,0.2601295149638805,0.05986738906088718,,,,,,,,,,,,,,,,
55,"Mayers, Mike",594577,0.3902730929201518,1.9336585310114722,0.8442200283376753,1.4797115955939486,3.3492767036884743,24.031479719795698,0.22534553681612524,0.0529938525526763,0.784385026737968,0.604385026737968,0.48505347593582887,0.3050534759358289,14.477005347593575,157.71045576407505,0.6565775401069516,0.30275401069518715,0.9181957684259475,0.7375052313415486,0.35193327133224833,0.17124273424784933,6.084422227388984,183.58642475632314,0.08219483840967223,0.037817949314113086,0.209385026737968,2.394385026737968,1.304946524064171,0.8800534759358289,3.5270053475935725,812.710455764075,0.10342245989304821,0.13224598930481246,,,,,,,,
56,"McCullers Jr., Lance",621121,,,,,,,,,1.3556392774302384,0.5018102902931048,0.745712729317495,1.1117368384058481,5.5974625711674975,385.35809953475245,0.031508399522035324,0.05784107682575357,0.10794831027367141,0.6515107743310442,0.8954132133554344,0.1359541287507188,3.7669733770846676,259.7293021680216,0.03887013294543484,0.21459964141943733,0.5108170413296822,1.925177354645609,1.6812749156212188,0.266914602305292,3.950264280710698,855.7625462903843,0.077627841813666,0.13570591606699267,0.02160939628363623,1.6280534066668382,1.384150967642448,0.26551183530802647,4.170788249505264,423.0219460738913,0.14695854429566424,0.002556991955588117
57,"Melancon, Mark",453343,0.18007575757575756,1.617590909090909,0.8197121212121212,0.9779545454545455,0.252121212121196,6.386646433990791,0.06283333333333374,0.006166666666667098,2.086725895316804,0.5444944903581268,0.25338429752066116,1.2888471074380163,9.720275482093655,343.8959981941084,0.14382782369145986,0.014742424242424335,,,,,,,,,,,,,,,,,,,,,,,,
58,"Miley, Wade",489119,0.8113821036057438,0.3436415930767207,0.5635415055148285,1.718565202197293,4.476100315301338,37.28766276707984,0.15766620071698645,0.025339292515618617,1.3035504924974686,1.4594393813863573,0.5522562827948081,0.3963673939059192,10.679629015925627,114.53829826504216,0.16185933904078076,0.12262542575715774,0.24625530178436728,1.5495388838739195,0.6423557852823703,0.660927796807182,6.192630674300418,33.39236128328457,0.46915950487825997,0.4206022085100587,0.008553007034636462,0.6535686337008657,1.560751732292415,0.8986300915569128,3.4828806268010055,469.9039879060208,0.3705112328015856,0.26990343927279437,0.44808750033407274,0.5680875003340726,1.4752705989256218,1.355270598925622,3.296464174038519,251.40614617940219,0.23783066520565543,0.181478472352139
59,"Montas, Frankie",593423,0.8734646464646463,1.160967171717172,0.9075833333333334,1.1268484848484848,5.717941919191929,43.1529975523149,0.10979040404040408,0.05438762626262594,,,,,,,,,0.21868453768453772,0.10612043512043517,0.14726340326340326,0.03469930069930072,2.6460994560994493,37.491686091686006,0.03259984459984455,0.02588966588966546,0.25900332721603037,1.537747788072751,1.2843639496889128,0.005619488832191932,3.2156476135057943,845.5084125276433,0.08348178983334087,0.026278068722676018,0.6047875127263576,1.8180437443517852,1.5646599059679467,0.858171351110196,5.476645846917663,133.40201329140882,0.10566091263713018,0.045716451033551486
60,"Montgomery, Jordan",656756,0.6632452460566758,0.1047643462694634,0.6481652311953253,1.4161748235214646,5.289143783564683,77.11370530877593,0.07459181950214466,0.05316533252271416,1.0541572924388436,0.8033349240177909,0.05040534655300222,0.30122771497405487,7.326030392883624,114.77564862861391,0.10695329873980719,0.00029938843587817843,,,,,,,,,0.501578004769833,0.08732880349187777,0.8402583809566665,1.2545075822346219,4.819157179498717,656.5405300814473,0.1810351887683932,0.07305408810691638,0.30295135351113767,0.5700612825891518,1.3229908600539406,1.0558809309759265,5.121338028169006,189.0768804315253,0.13059085006492843,0.08393297372889741
61,"Moore, Matt",519043,0.11025924447991486,0.1057603085927108,0.8870968342644321,1.1031163873370577,2.8153139132747924,49.13500931098724,0.0829229848363926,0.05019406757116318,1.827357142857143,1.660013392857143,0.6671562500000001,0.8345,8.868869047619057,25.38020833333303,0.4334598214285714,0.2286324404761908,,,,,,,,,0.5654103932029243,0.2201497727721793,1.2130069156293222,0.4274467496542186,7.05940327998421,388.69986168741343,0.3829638411381149,0.2132064809326213,,,,,,,,
62,"Morgan, Eli",669212,0.025907871198568966,2.41545728980322,0.5316111359570661,1.857938282647585,3.8742397137745996,150.8540921288013,0.20770907871198574,0.003668381037567059,2.1750397877984087,0.8164190981432362,1.0674270557029177,0.29119363395225456,10.295888594164452,256.0053050397878,0.02511936339522547,0.0367771883289123,0.8867359667359669,1.2211203511203512,0.6627258027258027,0.9971101871101871,1.348094248094256,255.5257565257566,0.09675444675444689,0.029611919611919113,1.0579933110367894,2.693707596751075,0.8098614429049211,0.8258528428093646,11.764811275680842,59.242713807931295,0.09089584328714762,0.01910415671285204,,,,,,,,
63,"Morton, Charlie",450203,0.7274571819425444,1.3988311901504789,1.2883998176014593,0.837888554491564,8.038982216142273,84.02244495563582,0.11937419060647514,0.08127004103967206,1.1540210390725634,1.0646559682267067,1.1750873407757263,1.0435896665235438,6.840189995706311,628.4286328229923,0.01094174896235911,0.021955667668527745,,,,,,,,,0.06506474287828334,1.8175175730669626,1.707086200517943,0.045366629670736236,1.0527118017018182,324.1560488346281,0.045005549389567356,0.024673325934147172,0.17110769681006738,1.7618027509511267,1.6513713784021071,0.28153906935908696,7.162241732513891,308.4497219783434,0.14431372549019628,0.06828124085455034
64,"Musgrove, Joe",605397,0.37148042392648595,1.106844534197467,0.5603398613002708,0.9179850968236822,2.766449067768761,32.54108801415259,0.0365089935659606,0.054623992235319996,1.8321244677717377,0.22614200787296146,0.7726466807701577,1.2856197948745414,8.500172723134185,175.13560803011842,0.19254328789866904,0.11132255041105399,0.822335715594649,0.4778726177386843,1.0243772906358806,0.2758310426974528,6.498126259849741,150.4996682883684,0.029642844053509032,0.026821376214037684,0.31725562722127154,1.4563401342635252,0.9098354613663288,0.22924904567592472,3.5048440173752766,563.747431960182,0.13709148348032119,0.08919744636040505,0.14621806853582553,1.5665514018691589,1.0200467289719626,0.40028660436137076,2.6104423676012374,161.54837092731805,0.031647352024922304,0.013122741433021723
65,"Nola, Aaron",605400,0.5583521154221097,1.731603041528563,1.1883421719633456,1.101612984987327,6.183437317215834,19.101169818678045,0.13673250146227356,0.08475394813803838,1.4798241328773813,0.5905503989578246,1.133811268523042,0.9365632633121641,8.249549476198226,350.2246376811595,0.14610351191445514,0.025917331596374105,,,,,,,,,0.44138037941979774,1.8783073743264191,1.335046504761202,0.10188049014541965,1.5624160330700505,668.0849265520042,0.015863659850889444,0.2276175537019265,0.11125879917184267,2.0838364389233957,1.5405755693581782,0.65451966873706,5.334544513457558,41.88726708074546,0.13685507246376805,0.11955279503105576
66,"Odorizzi, Jake",543606,0.5150304437564498,1.8159303405572755,1.1900356037151703,1.1409251805985552,5.519788441692455,57.2661713513794,0.18298348813209486,0.14508823529411785,1.4419879385964913,0.242404605263158,0.38349013157894735,0.816093201754386,13.17507675438597,9.803179824561084,0.051515350877192834,0.08652083333333316,0.45580506822612094,0.3551384015594542,0.27075633528265114,0.1700896686159844,3.5914424951267137,22.472514619883214,0.07541520467836249,0.06222222222222218,0.4165071298936998,1.801113041223749,1.1752183043816438,0.20938760694840552,1.9605703914959776,796.1976925071301,0.24207466943220113,0.15666009852216778,,,,,,,,
67,"Ohtani, Shohei",660271,0.9444399571379689,0.6552012984674123,0.6057233868208258,0.9939178687845551,8.566797233778175,44.258677808878474,0.07683955553154309,0.01515204315017904,1.472056923345556,0.6733053954950237,0.7227833071416099,1.4225790116989698,12.577457656713818,108.12467260345738,0.3700890518596123,0.31316221407368516,0.08407817938420348,0.9759218206157967,1.025399732262383,0.03460026773761715,4.794752342704143,86.82453026391295,0.10886746987951801,0.10268995983935802,0.13106770405874177,0.7541467231323112,0.7046688114857249,0.08158979241215544,1.074009389054865,901.7185093967028,0.23088911504327925,0.12513038530142317,,,,,,,,
68,"Ottavino, Adam",493603,0.5966822118587609,1.0326848767488341,0.7432111925383078,0.8861558960692872,8.190650677326218,278.4636908727516,0.15660892738174548,0.08303131245836148,1.4798684210526316,0.7863815789473685,1.0758552631578948,1.1903947368421053,9.968421052631584,87.2894736842104,0.20736842105263165,0.24065789473684251,0.6557078371110256,0.9769016519400693,1.2663753361505956,0.3662341529004994,6.659479446792176,30.82961966961193,0.04204763734152861,0.13952458701498216,0.31526315789473686,1.8931578947368422,1.6036842105263158,0.02578947368421053,1.136842105263156,703.5263157894738,0.09684210526315784,0.04315789473684184,0.011336675020885534,1.8566065162907268,1.5671328320802005,0.2781370091896408,7.355071010860485,432.96608187134507,0.20755889724310794,0.01871512113617424
69,"Pagán, Emilio",641941,1.2625073326432021,0.752135524499655,0.7205171670117323,1.2941256901311249,8.479093340234641,184.55158730158746,0.07377415458937198,0.07759230503795767,,,,,,,,,,,,,,,,,0.7475966183574878,1.636570048309179,1.6049516908212562,0.7792149758454106,0.4490338164251,379.30555555555543,0.05664251207729465,0.10437198067632814,,,,,,,,
70,"Pérez, Martín",527048,0.38763206204965805,0.0006361772759955198,0.8737030917741367,1.2606989765477994,3.824310431869293,119.04938922712972,0.14586916945859518,0.09866928266556485,1.3542370894797906,1.3383772168683257,0.4653103023701844,0.48117017498164943,10.833210996140451,232.62954937793938,0.06659365898704794,0.18124772097648822,,,,,,,,,0.12409250912919034,0.3101552784814292,1.1832221929795705,0.7489744053689509,4.742083100305948,530.2999067492797,0.09864822186399969,0.15333906306543454,0.04586806928735265,0.4804936328403069,1.3535605473384482,0.8271988452107886,3.191334335205255,209.04597890176865,0.1619428933006406,0.06555738353238993
71,"Petit, Yusmeiro",433589,0.0702586234765461,1.8462179549348594,0.32717033588724015,1.5893062425241653,3.109341156693503,0.10500113147782031,0.5131129376394142,0.055036530566061614,1.4277324263038549,0.617936507936508,0.9011111111111111,0.09131519274376418,9.591950113378672,118.35827664399062,0.0898809523809524,0.1149773242630392,,,,,,,,,0.1890309980885898,2.37861214992105,0.8595645308734313,1.3300166209590294,3.667709631845767,384.7318208260615,1.5573965345300422,0.06473988199119063,,,,,,,,
72,"Plutko, Adam",592644,0.7277406451918299,1.2120024378121228,0.603140162363021,1.3366029206409316,3.8283022887032416,132.985065442238,0.2254685096210738,0.14012153558495744,1.6950974108121786,0.09898709623007518,0.7078493716791769,1.0862351353630768,10.781019650839156,511.4099687948046,0.10841781226279834,0.005334401619296436,0.4732486483343991,0.4429573861984768,0.16590488925062494,0.13561362711470262,4.681730713330609,112.39875588628547,0.07464507877449011,0.05309865705482242,,,,,,,,,,,,,,,,
73,"Price, David",456034,0.3821106573470511,0.05949383491714444,0.6945358517238671,1.0171526741537738,4.001142700070687,16.378881129916635,0.15125657739731402,0.09088627974554342,1.2014468396054074,1.397099013518451,0.7620569967117282,0.5664048227986848,12.30094994519547,222.6362805991962,0.029320423821702857,0.009506759225430095,,,,,,,,,0.22175929354792767,0.5352576556046148,1.1702996724113375,0.41328272325879506,3.4067568722404076,325.4307790912976,0.01247001851588081,0.04185016379433204,0.14571428571428569,0.5428221288515406,1.1778641456582633,0.7807563025210084,3.9385854341736746,24.991596638655437,0.17154061624649852,0.03626400560224052
74,"Quantrill, Cal",615698,0.810643227154346,1.177339228986005,0.8888074182192839,1.099175037921067,5.95307518388141,43.93670593670595,0.33794871794871795,0.18500161700161755,0.6574497553017944,0.18314975530179445,0.1053820554649266,0.3689179445350734,7.133275693311589,145.51308760683742,0.2769070512820513,0.24086591880341945,0.3556619048345047,0.18416657773170098,0.10436523303502007,0.06713009406778367,1.6984906465825986,102.04297467848846,0.27486460579918504,0.20776915089064651,0.2729985313025669,1.3833877615323242,1.094855950765603,0.561530342069288,3.4022289643396135,853.2491035077787,0.04031464854808697,0.050220874113619196,0.6487675184937403,1.5672724345027347,1.2787406237360137,0.9372993292604613,5.919304800225433,120.30831390831372,0.281100233100233,0.15006402486402504
75,"Rodriguez, Eduardo",593958,0.5080550555284352,0.1100239885892117,0.7644573392116183,1.3825363833292652,4.229513210886012,4.928060928728428,0.06649389034659525,0.0719106968513552,,,,,,,,,1.0453791022255752,0.9696972840437571,0.09521595624292717,0.17089777442474535,6.2361920030177345,42.05281026027933,0.14862674462466985,0.18075895888344107,0.17841737973753702,0.677180706386865,1.551662034187695,0.6960639480632929,2.954509387387745,297.8966964060821,0.048911433619885036,0.10795353623591275,0.11756647193710412,0.5266125245686831,1.4010938523695131,0.992047799737934,4.227587901288487,56.456650644317506,0.23452746232801913,0.13831936558200564
76,"Ryu, Hyun Jin",547943,0.39027025027169926,0.29737690285881657,0.9563112094281596,1.0492045568410424,3.6553087352299656,52.95840384122312,0.04188208634257995,0.029201350403502246,1.8259534833498898,1.6737937200362802,1.0148594134669373,1.1670191767805467,12.38948516390964,515.1427764599571,0.11089016542132768,0.14046633265667463,0.6375891553701772,0.9518748696558916,0.2929405630865485,0.021345151199165795,6.4540667361835204,61.86805118523171,0.09114702815432718,0.030979144942648418,0.13370444359072864,0.4733861996841251,1.1323205062534683,0.5252298629786144,6.408494472190199,485.8510382049101,0.18067710334229714,0.1576144832885129,0.17050608272506074,0.9371727493917275,1.5961070559610706,0.8294403892944038,2.9625999304831367,86.56052024333962,0.023527980535279713,0.07550295446645805
77,"Scherzer, Max",453286,0.5940646040029823,1.6261785570912428,0.8100276136950164,1.4102155473992088,4.1396123186328,32.808140735217876,0.11632055399437968,0.15571035728622995,1.403737756283632,0.37853661194741506,1.1946875553436416,0.5875868128874056,13.295330018391113,191.97127426852603,0.10419807914992152,0.204080239765684,0.3608032444475388,0.4991427278423728,0.31700821555385367,0.4553476989486876,4.3018568544175935,195.79640047343855,0.004193483255587438,0.04649488268467561,0.4127782906825617,2.0051298346255546,1.1889788912293282,0.4033726527136647,5.17882041859005,1022.5616098238693,0.044672881279971044,0.032596065074171676,,,,,,,,
78,"Shaw, Bryan",543766,0.23807567197397705,1.3764697825714776,1.2371477486731723,0.3773977058722821,1.8460794384523354,236.4128644939965,0.08036792452830177,0.07155145797598639,1.7209336520353469,0.029194553092858122,0.16851658699116318,1.5816116181370419,10.381776039403164,232.51659409772583,0.162452588292211,0.05516182873730102,0.5163862946308466,0.7018449978861601,0.8411670317844651,0.3770642607325416,8.723926745839577,262.23092029264535,0.17717064561673723,0.1658742780130913,0.0344791869601922,1.2858584973050198,1.1465364634067148,0.10484284693811285,9.740440937723221,784.3141184124918,0.14342517891997408,0.03139525048796443,,,,,,,,
79,"Skubal, Tarik",669373,0.1126743119266056,0.7684174311926606,0.5103325688073395,1.1660756880733945,0.11178899082570126,18.33413682277296,0.1099954128440368,0.07430963302752325,2.5577906976744185,2.1142441860465118,0.8354941860465117,1.2790406976744186,20.37558139534883,12.305232558139323,0.18563953488372098,0.09758720930232556,1.1240232358003444,1.6113382099827884,0.3325882099827883,0.15472676419965575,7.749956970740101,150.01835060449048,0.2428786574870907,0.18003227194492322,0.47344005449591287,0.714066757493188,0.564683242506812,0.8053099455040871,11.64216621253405,779.0303133514985,0.30183242506812036,0.12913828337874556,0.4896884498480243,0.20142097264437697,1.077329027355623,0.7890615501519758,0.25007598784195295,189.01177811550156,0.16067629179331266,0.1904673252279636
80,"Smith, Riley",642092,0.5248411214953271,1.013158878504673,0.5001682242990655,1.0378317757009345,8.368224299065417,109.86168224299036,0.0034205607476636146,0.06889719626168223,1.3873327915481513,0.09101503453880533,0.6040056887444128,0.8743421373425436,4.910906135717184,213.29646485168632,0.06402925639983748,0.06223323852092655,0.4464505451713396,0.2197838785046729,0.29320677570093456,0.06654010903426791,1.9921923676012483,105.4674844236763,0.12666277258566971,0.10102219626168285,0.10023672589093147,1.9277303070761014,1.414739652870494,0.613227380096539,2.2204221012632246,214.9800759987677,0.038370648043545286,0.09339170175618783,0.3047073531429617,1.694884816514461,1.1818941623088535,0.8176980073485692,8.62793066121877,95.67440654967868,0.08388711865957199,0.026861307191536454
81,"Smyly, Drew",592767,,,,,,,,,0.9397706446964135,0.6801608342170378,0.04930717568045248,0.30891698615982816,8.771638524077545,139.4401664083532,0.018665198357669333,0.10361530304266253,,,,,,,,,,,,,,,,,0.5861065898598683,0.3575919026024431,0.2732617559341422,1.2169602483964537,4.4570768476529,132.02711116558407,0.24613678146831708,0.19638280835069732
82,"Stammen, Craig",489334,0.3652854671280277,1.3197145328719724,0.522378892733564,1.162621107266436,2.6557958477508663,17.37543252595151,0.13408304498269885,0.026790657439446974,1.7538984706958065,0.15988292665435577,0.6374527134840525,0.9565628305573982,8.71687254603151,56.430266955913794,0.0023991071588649326,0.013818150850709365,,,,,,,,,0.18778546712802768,1.9972145328719724,1.199878892733564,0.985121107266436,2.7858708189157824,341.70876585928477,0.15408304498269887,0.09070934256055274,0.1985559326175943,1.947848561764428,1.1505129216260197,0.9958915727560026,3.195161818858409,91.57366687587137,0.027823012879970577,0.054489438868738915
83,"Stroman, Marcus",573186,0.6572755397577672,0.8045300157977884,0.5202172195892575,0.9415883359662981,2.6775473933649323,147.5574162679427,0.11050421274354916,0.028610452869932246,0.614696682464455,0.927303317535545,1.2116161137440757,0.3303838862559242,15.059952606635079,71.25741626794252,0.3322180094786731,0.18697156398104298,0.6894744602422328,0.10614112690889943,0.17817166929963138,0.40516166403370196,2.6632859399684037,58.28349282296631,0.16700421274354915,0.014638230647709527,0.3129710588816885,1.4554200384735254,1.1711072422649946,0.02865826267315774,3.838750792576107,951.4134253382374,0.03404794145146228,0.02733909361532927,0.09658730746445499,1.261292168575566,0.9769793723670352,0.18772548874407582,2.0311932266982637,301.488839879054,0.07521775441021572,0.015363925092154673
84,"Taillon, Jameson",592791,0.7712334622823983,1.0005452611218568,0.5825907156673114,1.1891880077369437,5.499575435203084,89.51434235976785,0.16513849129593816,0.015164410058027045,1.7708702882483371,0.13210088691796007,0.5500554323725055,1.3529157427937917,7.73106984478936,224.3655764966743,0.23757206208425719,0.13569844789356988,0.260170748940179,0.23675105982100803,0.1812034856335374,0.15778379651436641,1.8257948657560092,13.848739990579361,0.18511304757418734,0.034272256241168364,0.21468950064020487,1.8972119078104996,1.4792573623559542,0.6326440460947502,0.4495998719590233,639.8775608194621,0.11250960307298308,0.016542893725992158,0.49836013986013994,1.8276398601398602,1.4096853146853148,0.9163146853146853,5.750681818181818,205.7652097902096,0.28940559440559444,0.018832167832167457
85,"Tate, Dillon",622253,0.5323147440794498,1.2204125286478227,1.1641940412528649,0.5885332314744078,9.126852559205517,400.03246753246754,0.3002291825821237,0.07372421695951115,,,,,,,,,0.6474579831932773,0.29004201680672265,0.34626050420168064,0.5912394957983194,5.05042016806722,28.58928571428578,0.2811344537815128,0.06843487394958014,0.20134504710975304,1.656533740769035,1.600315253374077,0.25756353450471103,0.6422383498854032,775.7354978354979,0.34428978864272963,0.13373032849503375,0.13423556519381946,1.661135402548116,1.604916915153158,0.19045405258877743,9.502644348061807,449.5658986175115,0.20667199783139045,0.008379642179452418
86,"Thompson, Zach",605507,0.8051494417638931,0.6587514870286766,0.5205414631623281,0.9433594656302415,5.094197447852395,136.00835691643806,0.12261155485935138,0.08306457214213481,1.2666192490370756,0.1373618232945013,0.0008482005718472019,1.1284092251707272,9.861778397410149,278.0260284978376,0.02360594532006921,0.007334412438856575,,,,,,,,,0.02489699786458993,1.5841075241803793,1.4458975003140309,0.11331302600175858,1.6739527069463662,804.868264037181,0.005336013063685696,0.05884719256374815,0.13755735229652716,1.4069324436218402,1.2687224197554916,0.27576737616287567,5.037231503579946,335.8819589888458,0.05454653937947507,0.04353465491208475
87,"Treinen, Blake",595014,0.39777439024390226,1.6472256097560978,0.9823170731707318,1.0626829268292681,4.4225609756097555,61.29792009576522,0.014939024390244082,0.1270731707317072,,,,,,,,,0.746068343495935,0.41398373983739833,1.0788922764227642,0.0811598069105691,6.876391006097549,64.82234218071699,0.03604230182926793,0.024662093495935622,0.3639329268292683,1.8939329268292684,1.2290243902439024,0.3009756097560976,3.3006097560975576,1112.8588957055213,0.0801829268292682,0.1673170731707314,0.20449959349593494,2.1982329268292684,1.5333243902439024,0.4604089430894309,4.087056910569103,248.7612526078783,0.10121707317073181,0.0628170731707316
88,"Trivino, Lou",642152,0.4521225080385852,1.450546302250804,0.45524630225080387,1.4474225080385852,2.7275160771704066,240.4796058778561,0.06270450160771679,0.09615659163987189,1.426751851851852,0.3388777777777777,1.3341777777777777,0.43145185185185186,15.106388888888887,133.65768308715496,0.21498888888888867,0.09578148148148102,,,,,,,,,0.7151465753424657,2.111858904109589,1.1165589041095891,0.2801534246575343,5.610650684931514,572.2701089869572,0.07688082191780787,0.12283698630136985,0.03234675324675318,2.1572116883116883,1.1619116883116885,1.0276467532467533,3.0012012987012895,242.56660669110784,0.06511298701298673,0.10886883116883173
89,"Underwood Jr., Duane",621249,0.49441176470588244,1.496929411764706,0.632929411764706,1.3584117647058824,4.03635294117646,30.359999999999673,0.1990823529411765,0.06372941176470537,1.7211979522184302,0.08945733788395904,0.774542662116041,0.8571979522184301,9.401877133105799,248.52081911262758,0.13741296928327662,0.07689078498293433,0.6392222222222222,0.3336666666666667,0.5303333333333333,0.22477777777777777,4.816666666666663,138.86666666666633,0.072888888888889,0.03477777777777824,0.1812679127725857,2.0091495327102806,1.1451495327102805,0.6827320872274143,2.2605919003115247,531.1457943925236,0.10069781931464172,0.008763239875388074,0.10543697478991598,1.9818739495798319,1.117873949579832,0.9694369747899161,3.2331932773109315,108.74957983193303,0.23954621848739488,0.043924369747898595
90,"Voth, Austin",608723,0.830516278904389,1.0452168347694166,0.7173031657046686,1.1584299479691371,3.973158474867546,65.50689201521845,0.08626088914700158,0.057562016284830264,1.4989287981379602,0.6096006136267456,0.9375142826914937,1.171015129073212,11.540055014811685,567.8690966046347,0.05387775074058432,0.0224481591197625,,,,,,,,,0.31143884892086326,1.4452278177458031,1.117314148681055,0.6393525179856114,1.9841726618705025,525.5035971223024,0.12920863309352537,0.07901678657074385,,,,,,,,
91,"Wacha, Michael",608379,0.7404305998810752,1.3826441532924085,0.7536013834349748,1.3694733697385089,4.653255352336416,24.576257829864517,0.2277187973078174,0.14756698140578361,1.553667630247684,0.12988075684909017,0.7589235267065239,0.9246248603902503,12.867653242231114,124.6459183673469,0.017612673280336555,0.11577163129886259,,,,,,,,,0.011673748156471597,1.962208230915092,1.3331654610576584,0.6173690217009621,2.188270594845136,512.4201438088189,0.20753925837488607,0.1304423765713878,0.44531393657259244,1.8855432062845503,1.2565004364271166,1.0743567064300261,4.9445126563863795,6.053061224489738,0.09489147512365448,0.07554582484725003
92,"Wainwright, Adam",425794,0.6769348926514225,0.7007467682482313,0.6896191718090623,0.6880624890905916,4.0838653702011385,180.60372960372933,0.016982021295165017,0.031356873697288457,1.7685941777775227,0.8413187816035217,0.8524463780426909,1.7574665813383534,11.464340609198246,430.9336254462837,0.009551710679623016,0.06385495526003204,,,,,,,,,0.1031143644401381,1.6941305335190455,1.6830029370798765,0.11424196087930727,2.1995397565554384,693.479487179487,0.14884030763640754,0.08306773451220195,0.48258249740097914,1.6022434886779073,1.5911158922387383,0.4937100938401483,4.115444380951075,178.87166085946546,0.022343077653927512,0.08999029239846568
93,"Walker, Taijuan",592836,0.7068992248062014,1.5204983388704318,0.8904983388704317,1.3368992248062015,6.140531561461813,307.4872646733111,0.13074197120708764,0.12760797342192642,1.7681996434937612,0.0867557932263815,0.5432442067736185,1.1381996434937611,12.042245989304803,44.87165775401081,0.03504456327985728,0.12303030303030216,0.254804469273743,0.3472253258845438,0.28277467411545626,0.37519553072625705,2.2681564245809938,14.365671641790868,0.01378026070763494,0.09752327746741063,0.17199086757990867,1.8606757990867582,1.230675799086758,0.4580091324200914,1.0358904109589133,884.5316804407714,0.060009132420091316,0.015470319634703245,0.35376811594202895,2.0368840579710144,1.4068840579710142,0.9837681159420291,5.252717391304358,393.78506375227676,0.1106521739130435,0.07336956521739069
94,"Weaver, Luke",596133,0.6283227576744982,1.4511087292059681,0.9019910821471445,1.1774404047333218,6.257807408677749,73.66686674669882,0.023889984565254707,0.03780269250557389,1.394859943977591,0.45152661064425775,0.09759103641456585,0.8457422969187675,9.390686274509804,19.373949579831788,0.03308823529411775,0.023844537815126188,,,,,,,,,0.04855060943296241,1.8868848260024729,1.3377671789436494,0.597668256491786,2.006301890125414,658.4105244507441,0.06762276982865212,0.05655582052640895,0.42323529411764704,2.036764705882353,1.4876470588235293,0.9723529411764706,3.742647058823522,161.08823529411757,0.08308823529411768,0.030441176470588083
95,"Webb, Logan",657277,0.36105504587155957,1.2611467889908257,0.6003134556574924,1.021888379204893,1.97266819571864,144.57989296636106,0.1300152905198777,0.005458715596331487,,,,,,,,,0.7010586319218242,0.34372964169381115,1.0045629750271445,0.04022529858849078,8.745941910966351,410.296552660152,0.023040173724212742,0.18400651465798123,0.971992337164751,1.2979885057471265,0.637155172413793,0.3111590038314176,5.010392720306527,801.7257751937987,0.06176245210727971,0.1750000000000007,0.546877990430622,1.8229066985645934,1.1620733652312598,0.11395534290271132,1.602173046251977,376.32526390580597,0.12258771929824586,0.05769138755980929
96,"Widener, Taylor",642203,0.17538936959208895,1.9328553770086527,0.0971446229913473,1.8546106304079109,6.854388133498148,143.50618811881168,0.3368355995055623,0.35892459826946954,1.58,1.0699999999999998,0.96,0.44999999999999996,6.700000000000003,224.0,0.3799999999999999,0.07999999999999918,1.510995260663507,1.087298578199052,0.9427014218009478,0.5190047393364928,1.7445497630331914,238.65876777251196,0.39933649289099504,0.2151184834123221,0.7246153846153847,2.7423076923076923,0.7123076923076924,1.3053846153846154,0.11435897435897857,286.55384615384605,0.3124615384615388,0.38553846153846116,,,,,,,,
97,"Wittgren, Nick",621295,0.7110138224348751,1.2438809144072303,1.0076182881446039,0.9472764486975014,4.252041467304636,263.9469918872378,0.17306273258904836,0.2426496544391279,,,,,,,,,0.4620875420875421,0.11448653198653191,0.3507491582491582,0.22582491582491582,4.5679292929292785,47.86279461279446,0.03971380471380437,0.17401515151515046,0.391438211906297,1.5917786374382121,1.3555160111755857,0.15517558564367076,2.49472598323662,570.9060391145497,0.17445089189770036,0.05223425746829946,0.6088383838383838,1.7094949494949496,1.4732323232323232,0.8451010101010101,4.101515151515159,256.64646464646466,0.16601010101010116,0.17873737373737342
98,"Yarbrough, Ryan",642232,0.020543587174348676,0.2067935871743487,0.9172144288577154,0.7309644288577154,2.473171342685376,117.01316449348042,0.03712925851703419,0.1061898797595191,0.09349594511963794,1.8224491745183016,1.1120283328349347,0.6169248965637288,10.81265827869548,153.27031764937692,0.06048671954153351,0.09720045882410755,,,,,,,,,0.0030489673752095436,0.9158610190251377,1.6262818607085046,0.7134698090585763,3.426165099208461,89.80686952945166,0.41391189840225673,0.40956685249983504,0.4231328728886343,0.6488173966981583,1.3592382383815251,1.1335537145720012,4.537754676018693,275.75532867258494,0.569688782326558,0.710237498807138
